Workbook

Sheet Orders
A1: Order ID | B1: Customer ID | C1: Customer Country | D1: Order Datetime | E1: Order Source | F1: Sales POC | G1: Order Value
A2: 1597 | B2: 856 | C2: USA | D2: 45275.035 | E2: Other | F2: Kwai Yu | G2: 412
A3: 2011 | B3: 525 | C3: India | D3: 45045.986 | E3: Whatsapp | F3: Paul Henriot | G3: 4551
A4: 2822 | B4: 1614 | C4: USA | D4: 45290.015 | E4: Whatsapp | F4: Daniel Da Cunha | G4: 3960
A5: 2889 | B5: 743 | C5: USA | D5: 45258.022 | E5: Whatsapp | F5: Julie Young | G5: 8397
A6: 3971 | B6: 20 | C6: USA | D6: 45225.966 | E6: Website | F6: Julie Brown | G6: 5545
A7: 4111 | B7: 1367 | C7: Italy | D7: 44993.953 | E7: App | F7: Juri Hirano | G7: 7800
A8: 4801 | B8: 945 | C8: France | D8: 44975.016 | E8: Other | F8: Martine Rance | G8: 4674
A9: 5719 | B9: 218 | C9: France | D9: 45253.049 | E9: Website | F9: Veysel Oeztan | G9: 5954
A10: 5846 | B10: 264 | C10: USA | D10: 45283.056 | E10: Website | F10: Julie Murphy | G10: 9887
A11: 7615 | B11: 566 | C11: USA | D11: 45233.99 | E11: Whatsapp | F11: Dominique Perrier | G11: 8303
A12: 8568 | B12: 1414 | C12: USA | D12: 45133.008 | E12: App | F12: Peter Ferguson | G12: 8969
A13: 9339 | B13: 1681 | C13: Spain | D13: 45278.027 | E13: App | F13: Michael Frick | G13: 2782
... A335: 237369 | B335: 401 | C335: India | D335: 45056.016 | E335: App | F335: Palle Ibsen | G335: 2313
A336: 238602 | B336: 153 | C336: USA | D336: 45017.05 | F336: Jonas Bergulfsen | G336: 951
A337: 238793 | B337: 1574 | C337: Austria | D337: 45026.087 | E337: Whatsapp | F337: Marie Bertrand | G337: 3650
A338: 238839 | B338: 766 | C338: USA | D338: 45092.036 | E338: App | F338: Jeff Young | G338: 1367
A339: 241257 | B339: 1374 | C339: France | D339: 45027.065 | E339: Other | F339: Paul Henriot | G339: 6819
A340: 241334 | B340: 864 | C340: USA | D340: 44939.027 | E340: Whatsapp | F340: Akiko Shimamura | G340: 3422
A341: 242256 | B341: 504 | C341: Finland | D341: 45123.077 | E341: Other | F341: Valarie Nelson | G341: 3986
A342: 243319 | B342: 818 | C342: France | D342: 45072.974 | E342: Whatsapp | F342: Valarie Nelson | G342: 2539
A343: 243485 | B343: 633 | C343: France | D343: 45119.011 | E343: Website | F343: Julie King | G343: 6552
A344: 245474 | B344: 40 | C344: Australia | D344: 45248.967 | E344: Other | F344: Arnold Cruz | G344: 3933
A345: 246033 | B345: 1715 | C345: USA | D345: 45265.981 | E345: Other | F345: Laurence Lebihan | G345: 5126
A346: 246834 | B346: 808 | C346: USA | D346: 45134.024 | E346: Other | F346: Valarie Nelson | G346: 9507
A347: 246988 | B347: 243 | C347: USA | D347: 45092.028 | E347: Whatsapp | F347: Allen Nelson | G347: 4264
A348: 247011 | B348: 1809 | C348: USA | D348: 45271.978 | E348: Website | F348: Julie Brown | G348: 4533
... A387: 276276 | B387: 1442 | C387: USA | D387: 45174.062 | E387: Website | F387: Palle Ibsen | G387: 5165
A388: 276403 | B388: 1356 | D388: 45183.999 | E388: Website | F388: Michael Frick | G388: 8633
A389: 276698 | B389: 43 | C389: Singapore | D389: 45057.045 | E389: Other | F389: Marie Bertrand | G389: 9942
A390: 277038 | B390: 1677 | C390: Italy | D390: 45139.939 | E390: Website | F390: Jeff Young | G390: 2455
A391: 279106 | B391: 104 | C391: Australia | D391: 44940.037 | E391: Website | F391: Diego Freyre | G391: 4768
A392: 279515 | B392: 713 | C392: Finland | D392: 45184.958 | E392: App | F392: Valarie Nelson | G392: 4633
A393: 279963 | B393: 1775 | C393: USA | D393: 45226.003 | E393: App | F393: Valarie Nelson | G393: 7812
A394: 280459 | B394: 457 | C394: Denmark | D394: 45195.988 | E394: Whatsapp | F394: Diego Freyre | G394: 3197
A395: 280739 | B395: 138 | C395: USA | D395: 45113.984 | E395: Whatsapp | F395: Janine Labrune | G395: 2453
A396: 281193 | B396: 1522 | C396: USA | D396: 45002.01 | E396: Website | F396: Arnold Cruz | G396: 6173
A397: 281454 | B397: 1413 | C397: Spain | D397: 45186.994 | E397: Other | F397: Laurence Lebihan | G397: 5802
A398: 281813 | B398: 331 | C398: Singapore | D398: 45098.082 | E398: App | F398: Valarie Nelson | G398: 5117
A399: 283066 | B399: 956 | C399: France | D399: 44963.078 | E399: App | F399: Allen Nelson | G399: 5819
A400: 283068 | B400: 1967 | C400: Spain | D400: 45259.008 | E400: Other | F400: Michael Chandler | G400: 3805
... A416: 296324 | B416: 167 | C416: Australia | D416: 45059.965 | E416: Whatsapp | F416: Georg Pipps | G416: 5732
A417: 298715 | B417: 1706 | C417: USA | D417: 45017.994 | F417: Kalle Suominen | G417: 5256
A418: 299065 | B418: 177 | C418: India | D418: 45027.949 | E418: Other | F418: Matti Karttunen | G418: 7292
A419: 299700 | B419: 533 | C419: USA | D419: 45208.064 | E419: Whatsapp | F419: Maria Larsson | G419: 7166
A420: 300907 | B420: 383 | C420: France | D420: 45242.958 | E420: Whatsapp | F420: Frederique Citeaux | G420: 346
A421: 302110 | B421: 1357 | C421: Ireland | D421: 45214.06 | E421: App | F421: Georg Pipps | G421: 4576
A422: 303207 | B422: 1052 | C422: Germany | D422: 45249.996 | E422: App | F422: Jonas Bergulfsen | G422: 1054
A423: 303923 | B423: 691 | C423: Norway | D423: 45076.96 | E423: Website | F423: Valarie Nelson | G423: 5642
A424: 304668 | B424: 835 | C424: Australia | D424: 44969.031 | E424: App | F424: Mart¡n Sommer | G424: 3450
A425: 305175 | B425: 766 | C425: USA | D425: 45144.012 | E425: Whatsapp | F425: Juri Hirano | G425: 1876
A426: 305282 | B426: 1594 | C426: Australia | D426: 44996.014 | E426: App | F426: Eric Natividad | G426: 2529
A427: 305291 | B427: 1519 | C427: Spain | D427: 45160.965 | E427: Whatsapp | F427: Roland Mendel | G427: 3778
A428: 305510 | B428: 935 | C428: France | D428: 45251.083 | E428: Website | F428: Tony Calaghan | G428: 6989
A429: 306677 | B429: 1145 | C429: USA | D429: 45158.99 | E429: Other | F429: Francisca Cervantes | G429: 6771
... A521: 373284 | B521: 879 | C521: USA | D521: 44950.952 | E521: Website | F521: Valarie Young | G521: 4368
A522: 373452 | B522: 1209 | C522: Finland | D522: 45135.925 | F522: Victoria Ashworth | G522: 8190
A523: 373612 | B523: 1567 | C523: USA | D523: 45066.982 | E523: App | F523: Peter Ferguson | G523: 9653
A524: 374946 | B524: 931 | C524: USA | D524: 45186.026 | E524: Whatsapp | F524: Daniel Da Cunha | G524: 8553
A525: 375276 | B525: 1524 | C525: France | D525: 45037.053 | E525: App | F525: Allen Nelson | G525: 4766
A526: 375561 | B526: 599 | C526: Australia | D526: 45289.017 | E526: App | F526: Julie Brown | G526: 3609
A527: 376848 | B527: 1893 | C527: Australia | D527: 45098.031 | E527: Whatsapp | F527: Anna O'Hara | G527: 2298
A528: 378945 | B528: 1964 | C528: Spain | D528: 45139.985 | E528: Other | F528: Kyung Yu | G528: 2444
A529: 379416 | B529: 1873 | C529: Australia | D529: 45073.017 | E529: Other | F529: Victoria Ashworth | G529: 7996
A530: 380866 | B530: 202 | C530: USA | D530: 45291.043 | E530: Other | F530: Carine Schmitt | G530: 526
A531: 381897 | B531: 1314 | C531: USA | D531: 45120.995 | E531: Whatsapp | F531: Paul Henriot | G531: 3916
A532: 382563 | B532: 1070 | C532: Singapore | D532: 45215.057 | E532: Website | F532: Anna O'Hara | G532: 471
A533: 382755 | B533: 777 | C533: USA | D533: 45138.968 | E533: App | F533: Palle Ibsen | G533: 1008
A534: 383194 | B534: 1167 | C534: USA | D534: 45075.947 | E534: Whatsapp | F534: Julie King | G534: 6812
... A582: 410734 | B582: 555 | C582: USA | D582: 45052.051 | E582: Website | F582: Sue King | G582: 3175
A583: 411108 | B583: 258 | C583: India | D583: 45017.998 | F583: Sue Taylor | G583: 4801
A584: 411162 | B584: 433 | C584: India | D584: 45144.018 | E584: App | F584: Julie Brown | G584: 2485
A585: 411449 | B585: 609 | C585: USA | D585: 45047.007 | E585: Whatsapp | F585: Giovanni Rovelli | G585: 4109
A586: 411916 | B586: 967 | C586: Australia | D586: 45136.007 | E586: Whatsapp | F586: Valarie Nelson | G586: 2961
A587: 412386 | B587: 1997 | C587: Spain | D587: 45135.083 | E587: App | F587: Sean Connery | G587: 2004
A588: 412431 | B588: 1620 | C588: USA | D588: 45225.978 | E588: App | F588: Jeff Young | G588: 4390
A589: 413305 | B589: 294 | C589: France | D589: 44943 | E589: Other | F589: Mart¡n Sommer | G589: 39
A590: 413694 | B590: 1551 | C590: USA | D590: 45049.053 | E590: Other | F590: Mary Saveley | G590: 4835
A591: 414161 | B591: 1675 | C591: USA | D591: 45287.992 | E591: Whatsapp | F591: Frederique Citeaux | G591: 3894
A592: 414191 | B592: 350 | C592: Germany | D592: 44936.958 | E592: Other | F592: Paolo Accorti | G592: 6814
A593: 416161 | B593: 1030 | C593: India | D593: 44973.051 | E593: Website | F593: Wendy Victorino | G593: 5555
A594: 417613 | B594: 1547 | C594: France | D594: 45011.058 | E594: Website | F594: Elizabeth Devon | G594: 8023
A595: 417779 | B595: 1473 | C595: USA | D595: 44957.028 | E595: Other | F595: Valarie Nelson | G595: 9335
... A722: 504071 | B722: 1811 | C722: USA | D722: 45152.022 | E722: Whatsapp | F722: Michael Frick | G722: 2261
A723: 504938 | B723: 84 | C723: USA | D723: 45117.983 | F723: Christina Berglund | G723: 6541
A724: 505298 | B724: 1854 | C724: USA | D724: 45111.024 | E724: Other | F724: Jeff Young | G724: 7393
A725: 506188 | B725: 515 | C725: Spain | D725: 44970.025 | E725: Other | F725: Diego Freyre | G725: 2177
A726: 506560 | B726: 301 | C726: India | D726: 44952.014 | E726: App | F726: Anna O'Hara | G726: 2071
A727: 506882 | B727: 197 | C727: USA | D727: 45232.06 | E727: Website | F727: Diego Freyre | G727: 3087
A728: 507043 | B728: 933 | C728: USA | D728: 45126.074 | E728: Whatsapp | F728: Diego Freyre | G728: 6796
A729: 508458 | B729: 864 | C729: USA | D729: 45086.058 | E729: Website | F729: Janine Labrune | G729: 1522
A730: 508989 | B730: 1307 | C730: France | D730: 44988.046 | E730: Other | F730: Roland Keitel | G730: 3733
A731: 509663 | B731: 1437 | C731: USA | D731: 45102.002 | E731: App | F731: Victoria Ashworth | G731: 6211
A732: 510478 | B732: 12 | C732: Spain | D732: 44998.968 | E732: App | F732: Sue King | G732: 4788
A733: 510541 | B733: 1007 | C733: USA | D733: 44988.008 | E733: Whatsapp | F733: Sue Taylor | G733: 8601
A734: 510910 | B734: 1461 | C734: USA | D734: 44929.982 | E734: Whatsapp | F734: Julie Brown | G734: 1323
A735: 510973 | B735: 679 | C735: Singapore | D735: 44976.044 | E735: Other | F735: Giovanni Rovelli | G735: 7192
... A778: 537418 | B778: 51 | C778: USA | D778: 45128.941 | E778: Whatsapp | F778: Anna O'Hara | G778: 7284
A779: 537514 | B779: 12 | C779: Spain | D779: 45207.04 | F779: Julie Brown | G779: 8747
A780: 537900 | B780: 1009 | C780: USA | D780: 44936.012 | E780: Whatsapp | F780: Anna O'Hara | G780: 3462
...

Sheet Orders D
A1: Order ID | B1: Customer ID | C1: Customer Country | D1: Order Datetime | E1: Order Source | F1: Sales POC | G1: Order Value | H1: Customer Country | I1: Gender | J1: Age | K1: Category | L1: Age_group | M1: Month | N1: Day Of The Week | O1: Time | P1: Hour of the Day | Q1: Customer type | R1: Customer Recency Type | S1: Recency | W1: Website | X1: Whatsapp | Y1: App | Z1: Other | AA1: Blanks
A2: 1265561 | B2: 1 | C2: France | D2: 44985.024 | E2: Website | F2: Kalle Suominen | G2: 3338 | H2: =VLOOKUP(B2,'Customers (2)'!$A$1:$F$2501,2,0) -> France | I2: =VLOOKUP(B2,'Customers (2)'!$A$1:$F$2501,3,0) -> M | J2: =VLOOKUP(B2,'Customers (2)'!$A$1:$F$2501,4,0) -> 31 | K2: =VLOOKUP(B2,'Customers (2)'!$A$1:$F$2501,5,0) -> A | L2: =VLOOKUP(B2,'Customers (2)'!$A$1:$F$2501,6,0) -> Young | M2: =TEXT(D2,"MMMM") -> February | N2: =TEXT(D2,"dddd") -> Tuesday | O2: =TEXT(D2,"HH:mm:ss") -> 00:34:00 | P2: =HOUR(D2) -> 0 | Q2: =VLOOKUP(B2,'Analysis 1.3'!$AA$1:$AF$1454,5,FALSE) -> One time | R2: =VLOOKUP(B2,'Analysis 1.3'!$AA$1:$AF$1454,6,FALSE) -> Lost | S2: =VLOOKUP(B2,'Analysis 1.3'!$AA$1:$AF$1454,4,FALSE) -> 306.95833 | V2: France | W2: =COUNTIFS($C$1:$C$2501,$V2,$E$1:$E$2501,W$1) -> 72 | X2: =COUNTIFS($C$1:$C$2501,$V2,$E$1:$E$2501,X$1) -> 90 | Y2: =COUNTIFS($C$1:$C$2501,$V2,$E$1:$E$2501,Y$1) -> 72 | Z2: =COUNTIFS($C$1:$C$2501,$V2,$E$1:$E$2501,Z$1) -> 88 | AA2: =COUNTIFS($C$1:$C$2501,$V2,$E$1:$E$2501,"") -> 1
A3: 1068397 | B3: 3 | C3: USA | D3: 45028.042 | E3: Other | F3: Julie Brown | G3: 9183 | H3: =VLOOKUP(B3,'Customers (2)'!$A$1:$F$2501,2,0) -> USA | I3: =VLOOKUP(B3,'Customers (2)'!$A$1:$F$2501,3,0) -> M | J3: =VLOOKUP(B3,'Customers (2)'!$A$1:$F$2501,4,0) -> 39 | K3: =VLOOKUP(B3,'Customers (2)'!$A$1:$F$2501,5,0) -> A | L3: =VLOOKUP(B3,'Customers (2)'!$A$1:$F$2501,6,0) -> Middle | M3: =TEXT(D3,"MMMM") -> April | N3: =TEXT(D3,"dddd") -> Wednesday | O3: =TEXT(D3,"HH:mm:ss") -> 01:01:00 | P3: =HOUR(D3) -> 1 | Q3: =VLOOKUP(B3,'Analysis 1.3'!$AA$1:$AF$1454,5,FALSE) -> One time | R3: =VLOOKUP(B3,'Analysis 1.3'!$AA$1:$AF$1454,6,FALSE) -> Lost | S3: =VLOOKUP(B3,'Analysis 1.3'!$AA$1:$AF$1454,4,FALSE) -> 263.93958 | V3: USA | W3: =COUNTIFS($C$1:$C$2501,$V3,$E$1:$E$2501,W$1) -> 223 | X3: =COUNTIFS($C$1:$C$2501,$V3,$E$1:$E$2501,X$1) -> 227 | Y3: =COUNTIFS($C$1:$C$2501,$V3,$E$1:$E$2501,Y$1) -> 233 | Z3: =COUNTIFS($C$1:$C$2501,$V3,$E$1:$E$2501,Z$1) -> 193 | AA3: =COUNTIFS($C$1:$C$2501,$V3,$E$1:$E$2501,"") -> 9 | AC3: Male | AD3: =COUNTIF(I2:I2501, "M") -> 1224
A4: 1130025 | B4: 5 | C4: Denmark | D4: 45086.96 | E4: Other | F4: Jeff Young | G4: 5739 | H4: =VLOOKUP(B4,'Customers (2)'!$A$1:$F$2501,2,0) -> Denmark | I4: =VLOOKUP(B4,'Customers (2)'!$A$1:$F$2501,3,0) -> M | J4: =VLOOKUP(B4,'Customers (2)'!$A$1:$F$2501,4,0) -> 81 | K4: =VLOOKUP(B4,'Customers (2)'!$A$1:$F$2501,5,0) -> A | L4: =VLOOKUP(B4,'Customers (2)'!$A$1:$F$2501,6,0) -> Senior | M4: =TEXT(D4,"MMMM") -> June | N4: =TEXT(D4,"dddd") -> Friday | O4: =TEXT(D4,"HH:mm:ss") -> 23:02:00 | P4: =HOUR(D4) -> 23 | Q4: =VLOOKUP(B4,'Analysis 1.3'!$AA$1:$AF$1454,5,FALSE) -> One time | R4: =VLOOKUP(B4,'Analysis 1.3'!$AA$1:$AF$1454,6,FALSE) -> Lost | S4: =VLOOKUP(B4,'Analysis 1.3'!$AA$1:$AF$1454,4,FALSE) -> 205.02222 | V4: Denmark | W4: =COUNTIFS($C$1:$C$2501,$V4,$E$1:$E$2501,W$1) -> 26 | X4: =COUNTIFS($C$1:$C$2501,$V4,$E$1:$E$2501,X$1) -> 11 | Y4: =COUNTIFS($C$1:$C$2501,$V4,$E$1:$E$2501,Y$1) -> 10 | Z4: =COUNTIFS($C$1:$C$2501,$V4,$E$1:$E$2501,Z$1) -> 19 | AA4: =COUNTIFS($C$1:$C$2501,$V4,$E$1:$E$2501,"") -> 0 | AC4: Female | AD4: =COUNTIF(I2:I2501, "F") -> 1276
A5: 10922 | B5: 7 | C5: Singapore | D5: 44945.94 | E5: App | F5: Kyung Yu | G5: 3157 | H5: =VLOOKUP(B5,'Customers (2)'!$A$1:$F$2501,2,0) -> Singapore | I5: =VLOOKUP(B5,'Customers (2)'!$A$1:$F$2501,3,0) -> M | J5: =VLOOKUP(B5,'Customers (2)'!$A$1:$F$2501,4,0) -> 76 | K5: =VLOOKUP(B5,'Customers (2)'!$A$1:$F$2501,5,0) -> A | L5: =VLOOKUP(B5,'Customers (2)'!$A$1:$F$2501,6,0) -> Senior | M5: =TEXT(D5,"MMMM") -> January | N5: =TEXT(D5,"dddd") -> Thursday | O5: =TEXT(D5,"HH:mm:ss") -> 22:33:00 | P5: =HOUR(D5) -> 22 | Q5: =VLOOKUP(B5,'Analysis 1.3'!$AA$1:$AF$1454,5,FALSE) -> One time | R5: =VLOOKUP(B5,'Analysis 1.3'!$AA$1:$AF$1454,6,FALSE) -> Lost | S5: =VLOOKUP(B5,'Analysis 1.3'!$AA$1:$AF$1454,4,FALSE) -> 346.04236 | V5: Singapore | W5: =COUNTIFS($C$1:$C$2501,$V5,$E$1:$E$2501,W$1) -> 27 | X5: =COUNTIFS($C$1:$C$2501,$V5,$E$1:$E$2501,X$1) -> 31 | Y5: =COUNTIFS($C$1:$C$2501,$V5,$E$1:$E$2501,Y$1) -> 20 | Z5: =COUNTIFS($C$1:$C$2501,$V5,$E$1:$E$2501,Z$1) -> 18 | AA5: =COUNTIFS($C$1:$C$2501,$V5,$E$1:$E$2501,"") -> 1
A6: 990832 | B6: 9 | C6: France | D6: 45137.012 | E6: Other | F6: Kwai Yu | G6: 8202 | H6: =VLOOKUP(B6,'Customers (2)'!$A$1:$F$2501,2,0) -> France | I6: =VLOOKUP(B6,'Customers (2)'!$A$1:$F$2501,3,0) -> F | J6: =VLOOKUP(B6,'Customers (2)'!$A$1:$F$2501,4,0) -> 75 | K6: =VLOOKUP(B6,'Customers (2)'!$A$1:$F$2501,5,0) -> A | L6: =VLOOKUP(B6,'Customers (2)'!$A$1:$F$2501,6,0) -> Senior | M6: =TEXT(D6,"MMMM") -> July | N6: =TEXT(D6,"dddd") -> Sunday | O6: =TEXT(D6,"HH:mm:ss") -> 00:18:00 | P6: =HOUR(D6) -> 0 | Q6: =VLOOKUP(B6,'Analysis 1.3'!$AA$1:$AF$1454,5,FALSE) -> Repeat | R6: =VLOOKUP(B6,'Analysis 1.3'!$AA$1:$AF$1454,6,FALSE) -> Passive | S6: =VLOOKUP(B6,'Analysis 1.3'!$AA$1:$AF$1454,4,FALSE) -> 91.938194 | V6: Norway | W6: =COUNTIFS($C$1:$C$2501,$V6,$E$1:$E$2501,W$1) -> 7 | X6: =COUNTIFS($C$1:$C$2501,$V6,$E$1:$E$2501,X$1) -> 11 | Y6: =COUNTIFS($C$1:$C$2501,$V6,$E$1:$E$2501,Y$1) -> 13 | Z6: =COUNTIFS($C$1:$C$2501,$V6,$E$1:$E$2501,Z$1) -> 9 | AA6: =COUNTIFS($C$1:$C$2501,$V6,$E$1:$E$2501,"") -> 0 | AB6: Website | AC6: =COUNTIF($E$1:$E$2501,"Whatsapp") -> 633
A7: 1004148 | B7: 9 | C7: France | D7: 45200.044 | E7: Whatsapp | F7: Adrian Huxley | G7: 9670 | H7: =VLOOKUP(B7,'Customers (2)'!$A$1:$F$2501,2,0) -> France | I7: =VLOOKUP(B7,'Customers (2)'!$A$1:$F$2501,3,0) -> F | J7: =VLOOKUP(B7,'Customers (2)'!$A$1:$F$2501,4,0) -> 75 | K7: =VLOOKUP(B7,'Customers (2)'!$A$1:$F$2501,5,0) -> A | L7: =VLOOKUP(B7,'Customers (2)'!$A$1:$F$2501,6,0) -> Senior | M7: =TEXT(D7,"MMMM") -> October | N7: =TEXT(D7,"dddd") -> Sunday | O7: =TEXT(D7,"HH:mm:ss") -> 01:03:00 | P7: =HOUR(D7) -> 1 | Q7: =VLOOKUP(B7,'Analysis 1.3'!$AA$1:$AF$1454,5,FALSE) -> Repeat | R7: =VLOOKUP(B7,'Analysis 1.3'!$AA$1:$AF$1454,6,FALSE) -> Passive | S7: =VLOOKUP(B7,'Analysis 1.3'!$AA$1:$AF$1454,4,FALSE) -> 91.938194 | V7: Spain | W7: =COUNTIFS($C$1:$C$2501,$V7,$E$1:$E$2501,W$1) -> 68 | X7: =COUNTIFS($C$1:$C$2501,$V7,$E$1:$E$2501,X$1) -> 65 | Y7: =COUNTIFS($C$1:$C$2501,$V7,$E$1:$E$2501,Y$1) -> 72 | Z7: =COUNTIFS($C$1:$C$2501,$V7,$E$1:$E$2501,Z$1) -> 59 | AA7: =COUNTIFS($C$1:$C$2501,$V7,$E$1:$E$2501,"") -> 4 | AB7: Whatsapp | AC7: =COUNTIF($E$1:$E$2501,"other") -> 591
A8: 213090 | B8: 10 | C8: Norway | D8: 45208.044 | E8: Other | F8: Jytte Petersen | G8: 9353 | H8: =VLOOKUP(B8,'Customers (2)'!$A$1:$F$2501,2,0) -> Norway | I8: =VLOOKUP(B8,'Customers (2)'!$A$1:$F$2501,3,0) -> F | J8: =VLOOKUP(B8,'Customers (2)'!$A$1:$F$2501,4,0) -> 32 | K8: =VLOOKUP(B8,'Customers (2)'!$A$1:$F$2501,5,0) -> A | L8: =VLOOKUP(B8,'Customers (2)'!$A$1:$F$2501,6,0) -> Young | M8: =TEXT(D8,"MMMM") -> October | N8: =TEXT(D8,"dddd") -> Monday | O8: =TEXT(D8,"HH:mm:ss") -> 01:03:00 | P8: =HOUR(D8) -> 1 | Q8: =VLOOKUP(B8,'Analysis 1.3'!$AA$1:$AF$1454,5,FALSE) -> One time | R8: =VLOOKUP(B8,'Analysis 1.3'!$AA$1:$AF$1454,6,FALSE) -> Passive | S8: =VLOOKUP(B8,'Analysis 1.3'!$AA$1:$AF$1454,4,FALSE) -> 83.938194 | V8: Germany | W8: =COUNTIFS($C$1:$C$2501,$V8,$E$1:$E$2501,W$1) -> 17 | X8: =COUNTIFS($C$1:$C$2501,$V8,$E$1:$E$2501,X$1) -> 11 | Y8: =COUNTIFS($C$1:$C$2501,$V8,$E$1:$E$2501,Y$1) -> 17 | Z8: =COUNTIFS($C$1:$C$2501,$V8,$E$1:$E$2501,Z$1) -> 13 | AA8: =COUNTIFS($C$1:$C$2501,$V8,$E$1:$E$2501,"") -> 0 | AB8: App | AC8: =COUNTIF($E$1:$E$2501,"app") -> 622
A9: 390509 | B9: 11 | C9: USA | D9: 45147.04 | E9: Other | F9: Paul Henriot | G9: 2754 | H9: =VLOOKUP(B9,'Customers (2)'!$A$1:$F$2501,2,0) -> USA | I9: =VLOOKUP(B9,'Customers (2)'!$A$1:$F$2501,3,0) -> F | J9: =VLOOKUP(B9,'Customers (2)'!$A$1:$F$2501,4,0) -> 82 | K9: =VLOOKUP(B9,'Customers (2)'!$A$1:$F$2501,5,0) -> A | L9: =VLOOKUP(B9,'Customers (2)'!$A$1:$F$2501,6,0) -> Senior | M9: =TEXT(D9,"MMMM") -> August | N9: =TEXT(D9,"dddd") -> Wednesday | O9: =TEXT(D9,"HH:mm:ss") -> 00:58:00 | P9: =HOUR(D9) -> 0 | Q9: =VLOOKUP(B9,'Analysis 1.3'!$AA$1:$AF$1454,5,FALSE) -> One time | R9: =VLOOKUP(B9,'Analysis 1.3'!$AA$1:$AF$1454,6,FALSE) -> Passive | S9: =VLOOKUP(B9,'Analysis 1.3'!$AA$1:$AF$1454,4,FALSE) -> 144.94167 | V9: Australia | W9: =COUNTIFS($C$1:$C$2501,$V9,$E$1:$E$2501,W$1) -> 50 | X9: =COUNTIFS($C$1:$C$2501,$V9,$E$1:$E$2501,X$1) -> 58 | Y9: =COUNTIFS($C$1:$C$2501,$V9,$E$1:$E$2501,Y$1) -> 52 | Z9: =COUNTIFS($C$1:$C$2501,$V9,$E$1:$E$2501,Z$1) -> 38 | AA9: =COUNTIFS($C$1:$C$2501,$V9,$E$1:$E$2501,"") -> 0 | AB9: Other | AC9: =COUNTIF($E$1:$E$2501,"Website") -> 637
A10: 510478 | B10: 12 | C10: Spain | D10: 44998.968 | E10: App | F10: Sue King | G10: 4788 | H10: =VLOOKUP(B10,'Customers (2)'!$A$1:$F$2501,2,0) -> Spain | I10: =VLOOKUP(B10,'Customers (2)'!$A$1:$F$2501,3,0) -> F | J10: =VLOOKUP(B10,'Customers (2)'!$A$1:$F$2501,4,0) -> 65 | K10: =VLOOKUP(B10,'Customers (2)'!$A$1:$F$2501,5,0) -> A | L10: =VLOOKUP(B10,'Customers (2)'!$A$1:$F$2501,6,0) -> Senior | M10: =TEXT(D10,"MMMM") -> March | N10: =TEXT(D10,"dddd") -> Monday | O10: =TEXT(D10,"HH:mm:ss") -> 23:14:00 | P10: =HOUR(D10) -> 23 | Q10: =VLOOKUP(B10,'Analysis 1.3'!$AA$1:$AF$1454,5,FALSE) -> Repeat | R10: =VLOOKUP(B10,'Analysis 1.3'!$AA$1:$AF$1454,6,FALSE) -> Passive | S10: =VLOOKUP(B10,'Analysis 1.3'!$AA$1:$AF$1454,4,FALSE) -> 84.942361 | V10: Finland | W10: =COUNTIFS($C$1:$C$2501,$V10,$E$1:$E$2501,W$1) -> 12 | X10: =COUNTIFS($C$1:$C$2501,$V10,$E$1:$E$2501,X$1) -> 18 | Y10: =COUNTIFS($C$1:$C$2501,$V10,$E$1:$E$2501,Y$1) -> 15 | Z10: =COUNTIFS($C$1:$C$2501,$V10,$E$1:$E$2501,Z$1) -> 20 | AA10: =COUNTIFS($C$1:$C$2501,$V10,$E$1:$E$2501,"") -> 1 | AB10: Blanks | AC10: =COUNTIF($E$1:$E$2501,"") -> 17
A11: 537514 | B11: 12 | C11: Spain | D11: 45207.04 | F11: Julie Brown | G11: 8747 | H11: =VLOOKUP(B11,'Customers (2)'!$A$1:$F$2501,2,0) -> Spain | I11: =VLOOKUP(B11,'Customers (2)'!$A$1:$F$2501,3,0) -> F | J11: =VLOOKUP(B11,'Customers (2)'!$A$1:$F$2501,4,0) -> 65 | K11: =VLOOKUP(B11,'Customers (2)'!$A$1:$F$2501,5,0) -> A | L11: =VLOOKUP(B11,'Customers (2)'!$A$1:$F$2501,6,0) -> Senior | M11: =TEXT(D11,"MMMM") -> October | N11: =TEXT(D11,"dddd") -> Sunday | O11: =TEXT(D11,"HH:mm:ss") -> 00:57:00 | P11: =HOUR(D11) -> 0 | Q11: =VLOOKUP(B11,'Analysis 1.3'!$AA$1:$AF$1454,5,FALSE) -> Repeat | R11: =VLOOKUP(B11,'Analysis 1.3'!$AA$1:$AF$1454,6,FALSE) -> Passive | S11: =VLOOKUP(B11,'Analysis 1.3'!$AA$1:$AF$1454,4,FALSE) -> 84.942361 | V11: Italy | W11: =COUNTIFS($C$1:$C$2501,$V11,$E$1:$E$2501,W$1) -> 39 | X11: =COUNTIFS($C$1:$C$2501,$V11,$E$1:$E$2501,X$1) -> 19 | Y11: =COUNTIFS($C$1:$C$2501,$V11,$E$1:$E$2501,Y$1) -> 18 | Z11: =COUNTIFS($C$1:$C$2501,$V11,$E$1:$E$2501,Z$1) -> 36 | AA11: =COUNTIFS($C$1:$C$2501,$V11,$E$1:$E$2501,"") -> 0
A12: 1033877 | B12: 13 | C12: Spain | D12: 44983.071 | E12: Whatsapp | F12: Victoria Ashworth | G12: 4612 | H12: =VLOOKUP(B12,'Customers (2)'!$A$1:$F$2501,2,0) -> Spain | I12: =VLOOKUP(B12,'Customers (2)'!$A$1:$F$2501,3,0) -> F | J12: =VLOOKUP(B12,'Customers (2)'!$A$1:$F$2501,4,0) -> 84 | K12: =VLOOKUP(B12,'Customers (2)'!$A$1:$F$2501,5,0) -> A | L12: =VLOOKUP(B12,'Customers (2)'!$A$1:$F$2501,6,0) -> Senior | M12: =TEXT(D12,"MMMM") -> February | N12: =TEXT(D12,"dddd") -> Sunday | O12: =TEXT(D12,"HH:mm:ss") -> 01:42:00 | P12: =HOUR(D12) -> 1 | Q12: =VLOOKUP(B12,'Analysis 1.3'!$AA$1:$AF$1454,5,FALSE) -> One time | R12: =VLOOKUP(B12,'Analysis 1.3'!$AA$1:$AF$1454,6,FALSE) -> Lost | S12: =VLOOKUP(B12,'Analysis 1.3'!$AA$1:$AF$1454,4,FALSE) -> 308.91111 | V12: India | W12: =COUNTIFS($C$1:$C$2501,$V12,$E$1:$E$2501,W$1) -> 70 | X12: =COUNTIFS($C$1:$C$2501,$V12,$E$1:$E$2501,X$1) -> 66 | Y12: =COUNTIFS($C$1:$C$2501,$V12,$E$1:$E$2501,Y$1) -> 74 | Z12: =COUNTIFS($C$1:$C$2501,$V12,$E$1:$E$2501,Z$1) -> 70 | AA12: =COUNTIFS($C$1:$C$2501,$V12,$E$1:$E$2501,"") -> 1
A13: 675864 | B13: 15 | C13: Germany | D13: 45159.008 | E13: Website | F13: Anna O'Hara | G13: 9493 | H13: =VLOOKUP(B13,'Customers (2)'!$A$1:$F$2501,2,0) -> Germany | I13: =VLOOKUP(B13,'Customers (2)'!$A$1:$F$2501,3,0) -> F | J13: =VLOOKUP(B13,'Customers (2)'!$A$1:$F$2501,4,0) -> 48 | K13: =VLOOKUP(B13,'Customers (2)'!$A$1:$F$2501,5,0) -> A | L13: =VLOOKUP(B13,'Customers (2)'!$A$1:$F$2501,6,0) -> Middle | M13: =TEXT(D13,"MMMM") -> August | N13: =TEXT(D13,"dddd") -> Monday | O13: =TEXT(D13,"HH:mm:ss") -> 00:12:00 | P13: =HOUR(D13) -> 0 | Q13: =VLOOKUP(B13,'Analysis 1.3'!$AA$1:$AF$1454,5,FALSE) -> One time | R13: =VLOOKUP(B13,'Analysis 1.3'!$AA$1:$AF$1454,6,FALSE) -> Passive | S13: =VLOOKUP(B13,'Analysis 1.3'!$AA$1:$AF$1454,4,FALSE) -> 132.97361 | V13: Ireland | W13: =COUNTIFS($C$1:$C$2501,$V13,$E$1:$E$2501,W$1) -> 5 | X13: =COUNTIFS($C$1:$C$2501,$V13,$E$1:$E$2501,X$1) -> 5 | Y13: =COUNTIFS($C$1:$C$2501,$V13,$E$1:$E$2501,Y$1) -> 5 | Z13: =COUNTIFS($C$1:$C$2501,$V13,$E$1:$E$2501,Z$1) -> 5 | AA13: =COUNTIFS($C$1:$C$2501,$V13,$E$1:$E$2501,"") -> 0
A14: 844238 | B14: 16 | C14: Norway | D14: 45131.028 | E14: App | F14: Diego Freyre | G14: 4887 | H14: =VLOOKUP(B14,'Customers (2)'!$A$1:$F$2501,2,0) -> Norway | I14: =VLOOKUP(B14,'Customers (2)'!$A$1:$F$2501,3,0) -> F | J14: =VLOOKUP(B14,'Customers (2)'!$A$1:$F$2501,4,0) -> 81 | K14: =VLOOKUP(B14,'Customers (2)'!$A$1:$F$2501,5,0) -> A | L14: =VLOOKUP(B14,'Customers (2)'!$A$1:$F$2501,6,0) -> Senior | M14: =TEXT(D14,"MMMM") -> July | N14: =TEXT(D14,"dddd") -> Monday | O14: =TEXT(D14,"HH:mm:ss") -> 00:40:00 | P14: =HOUR(D14) -> 0 | Q14: =VLOOKUP(B14,'Analysis 1.3'!$AA$1:$AF$1454,5,FALSE) -> Repeat | R14: =VLOOKUP(B14,'Analysis 1.3'!$AA$1:$AF$1454,6,FALSE) -> Passive | S14: =VLOOKUP(B14,'Analysis 1.3'!$AA$1:$AF$1454,4,FALSE) -> 160.95417 | V14: Austria | W14: =COUNTIFS($C$1:$C$2501,$V14,$E$1:$E$2501,W$1) -> 12 | X14: =COUNTIFS($C$1:$C$2501,$V14,$E$1:$E$2501,X$1) -> 10 | Y14: =COUNTIFS($C$1:$C$2501,$V14,$E$1:$E$2501,Y$1) -> 9 | Z14: =COUNTIFS($C$1:$C$2501,$V14,$E$1:$E$2501,Z$1) -> 12 | AA14: =COUNTIFS($C$1:$C$2501,$V14,$E$1:$E$2501,"") -> 0
A15: 1132855 | B15: 16 | C15: Norway | D15: 45097.083 | E15: App | F15: Jeff Young | G15: 4518 | H15: =VLOOKUP(B15,'Customers (2)'!$A$1:$F$2501,2,0) -> Norway | I15: =VLOOKUP(B15,'Customers (2)'!$A$1:$F$2501,3,0) -> F | J15: =VLOOKUP(B15,'Customers (2)'!$A$1:$F$2501,4,0) -> 81 | K15: =VLOOKUP(B15,'Customers (2)'!$A$1:$F$2501,5,0) -> A | L15: =VLOOKUP(B15,'Customers (2)'!$A$1:$F$2501,6,0) -> Senior | M15: =TEXT(D15,"MMMM") -> June | N15: =TEXT(D15,"dddd") -> Tuesday | O15: =TEXT(D15,"HH:mm:ss") -> 02:00:00 | P15: =HOUR(D15) -> 2 | Q15: =VLOOKUP(B15,'Analysis 1.3'!$AA$1:$AF$1454,5,FALSE) -> Repeat | R15: =VLOOKUP(B15,'Analysis 1.3'!$AA$1:$AF$1454,6,FALSE) -> Passive | S15: =VLOOKUP(B15,'Analysis 1.3'!$AA$1:$AF$1454,4,FALSE) -> 160.95417 | V15: Switzerland | W15: =COUNTIFS($C$1:$C$2501,$V15,$E$1:$E$2501,W$1) -> 7 | X15: =COUNTIFS($C$1:$C$2501,$V15,$E$1:$E$2501,X$1) -> 9 | Y15: =COUNTIFS($C$1:$C$2501,$V15,$E$1:$E$2501,Y$1) -> 11 | Z15: =COUNTIFS($C$1:$C$2501,$V15,$E$1:$E$2501,Z$1) -> 9 | AA15: =COUNTIFS($C$1:$C$2501,$V15,$E$1:$E$2501,"") -> 0
A16: 1547057 | B16: 18 | C16: USA | D16: 45060.031 | E16: Other | F16: Akiko Shimamura | G16: 9727 | H16: =VLOOKUP(B16,'Customers (2)'!$A$1:$F$2501,2,0) -> USA | I16: =VLOOKUP(B16,'Customers (2)'!$A$1:$F$2501,3,0) -> F | J16: =VLOOKUP(B16,'Customers (2)'!$A$1:$F$2501,4,0) -> 85 | K16: =VLOOKUP(B16,'Customers (2)'!$A$1:$F$2501,5,0) -> A | L16: =VLOOKUP(B16,'Customers (2)'!$A$1:$F$2501,6,0) -> Senior | M16: =TEXT(D16,"MMMM") -> May | N16: =TEXT(D16,"dddd") -> Sunday | O16: =TEXT(D16,"HH:mm:ss") -> 00:44:00 | P16: =HOUR(D16) -> 0 | Q16: =VLOOKUP(B16,'Analysis 1.3'!$AA$1:$AF$1454,5,FALSE) -> One time | R16: =VLOOKUP(B16,'Analysis 1.3'!$AA$1:$AF$1454,6,FALSE) -> Lost | S16: =VLOOKUP(B16,'Analysis 1.3'!$AA$1:$AF$1454,4,FALSE) -> 231.95139 | W16: =SUM(W2:W15) -> 635 | X16: =SUM(X2:X15) -> 631 | Y16: =SUM(Y2:Y15) -> 621 | Z16: =SUM(Z2:Z15) -> 589 | AA16: =SUM(AA2:AA15) -> 17
A17: 3971 | B17: 20 | C17: USA | D17: 45225.966 | E17: Website | F17: Julie Brown | G17: 5545 | H17: =VLOOKUP(B17,'Customers (2)'!$A$1:$F$2501,2,0) -> USA | I17: =VLOOKUP(B17,'Customers (2)'!$A$1:$F$2501,3,0) -> F | J17: =VLOOKUP(B17,'Customers (2)'!$A$1:$F$2501,4,0) -> 38 | K17: =VLOOKUP(B17,'Customers (2)'!$A$1:$F$2501,5,0) -> A | L17: =VLOOKUP(B17,'Customers (2)'!$A$1:$F$2501,6,0) -> Middle | M17: =TEXT(D17,"MMMM") -> October | N17: =TEXT(D17,"dddd") -> Thursday | O17: =TEXT(D17,"HH:mm:ss") -> 23:11:00 | P17: =HOUR(D17) -> 23 | Q17: =VLOOKUP(B17,'Analysis 1.3'!$AA$1:$AF$1454,5,FALSE) -> Repeat | R17: =VLOOKUP(B17,'Analysis 1.3'!$AA$1:$AF$1454,6,FALSE) -> Recent | S17: =VLOOKUP(B17,'Analysis 1.3'!$AA$1:$AF$1454,4,FALSE) -> 66.015972
A18: 1104509 | B18: 20 | C18: USA | D18: 45073.06 | E18: Other | F18: Janine Labrune | G18: 5599 | H18: =VLOOKUP(B18,'Customers (2)'!$A$1:$F$2501,2,0) -> USA | I18: =VLOOKUP(B18,'Customers (2)'!$A$1:$F$2501,3,0) -> F | J18: =VLOOKUP(B18,'Customers (2)'!$A$1:$F$2501,4,0) -> 38 | K18: =VLOOKUP(B18,'Customers (2)'!$A$1:$F$2501,5,0) -> A | L18: =VLOOKUP(B18,'Customers (2)'!$A$1:$F$2501,6,0) -> Middle | M18: =TEXT(D18,"MMMM") -> May | N18: =TEXT(D18,"dddd") -> Saturday | O18: =TEXT(D18,"HH:mm:ss") -> 01:26:00 | P18: =HOUR(D18) -> 1 | Q18: =VLOOKUP(B18,'Analysis 1.3'!$AA$1:$AF$1454,5,FALSE) -> Repeat | R18: =VLOOKUP(B18,'Analysis 1.3'!$AA$1:$AF$1454,6,FALSE) -> Recent | S18: =VLOOKUP(B18,'Analysis 1.3'!$AA$1:$AF$1454,4,FALSE) -> 66.015972
A19: 813036 | B19: 22 | C19: Spain | D19: 45248.945 | E19: App | F19: Thomas Hardy | G19: 5132 | H19: =VLOOKUP(B19,'Customers (2)'!$A$1:$F$2501,2,0) -> Spain | I19: =VLOOKUP(B19,'Customers (2)'!$A$1:$F$2501,3,0) -> F | J19: =VLOOKUP(B19,'Customers (2)'!$A$1:$F$2501,4,0) -> 78 | K19: =VLOOKUP(B19,'Customers (2)'!$A$1:$F$2501,5,0) -> A | L19: =VLOOKUP(B19,'Customers (2)'!$A$1:$F$2501,6,0) -> Senior | M19: =TEXT(D19,"MMMM") -> November | N19: =TEXT(D19,"dddd") -> Saturday | O19: =TEXT(D19,"HH:mm:ss") -> 22:41:00 | P19: =HOUR(D19) -> 22 | Q19: =VLOOKUP(B19,'Analysis 1.3'!$AA$1:$AF$1454,5,FALSE) -> One time | R19: =VLOOKUP(B19,'Analysis 1.3'!$AA$1:$AF$1454,6,FALSE) -> Recent | S19: =VLOOKUP(B19,'Analysis 1.3'!$AA$1:$AF$1454,4,FALSE) -> 43.036806
A20: 1036642 | B20: 24 | C20: Spain | D20: 45049.058 | E20: Other | F20: Diego Freyre | G20: 9159 | H20: =VLOOKUP(B20,'Customers (2)'!$A$1:$F$2501,2,0) -> Spain | I20: =VLOOKUP(B20,'Customers (2)'!$A$1:$F$2501,3,0) -> F | J20: =VLOOKUP(B20,'Customers (2)'!$A$1:$F$2501,4,0) -> 47 | K20: =VLOOKUP(B20,'Customers (2)'!$A$1:$F$2501,5,0) -> A | L20: =VLOOKUP(B20,'Customers (2)'!$A$1:$F$2501,6,0) -> Middle | M20: =TEXT(D20,"MMMM") -> May | N20: =TEXT(D20,"dddd") -> Wednesday | O20: =TEXT(D20,"HH:mm:ss") -> 01:23:00 | P20: =HOUR(D20) -> 1 | Q20: =VLOOKUP(B20,'Analysis 1.3'!$AA$1:$AF$1454,5,FALSE) -> One time | R20: =VLOOKUP(B20,'Analysis 1.3'!$AA$1:$AF$1454,6,FALSE) -> Lost | S20: =VLOOKUP(B20,'Analysis 1.3'!$AA$1:$AF$1454,4,FALSE) -> 242.92431
A21: 1288792 | B21: 25 | C21: USA | D21: 45265.07 | E21: Whatsapp | F21: Anna O'Hara | G21: 3516 | H21: =VLOOKUP(B21,'Customers (2)'!$A$1:$F$2501,2,0) -> USA | I21: =VLOOKUP(B21,'Customers (2)'!$A$1:$F$2501,3,0) -> M | J21: =VLOOKUP(B21,'Customers (2)'!$A$1:$F$2501,4,0) -> 59 | K21: =VLOOKUP(B21,'Customers (2)'!$A$1:$F$2501,5,0) -> A | L21: =VLOOKUP(B21,'Customers (2)'!$A$1:$F$2501,6,0) -> Middle | M21: =TEXT(D21,"MMMM") -> December | N21: =TEXT(D21,"dddd") -> Tuesday | O21: =TEXT(D21,"HH:mm:ss") -> 01:41:00 | P21: =HOUR(D21) -> 1 | Q21: =VLOOKUP(B21,'Analysis 1.3'!$AA$1:$AF$1454,5,FALSE) -> One time | R21: =VLOOKUP(B21,'Analysis 1.3'!$AA$1:$AF$1454,6,FALSE) -> Recent | S21: =VLOOKUP(B21,'Analysis 1.3'!$AA$1:$AF$1454,4,FALSE) -> 26.911806
A22: 13586 | B22: 26 | C22: France | D22: 44949.012 | E22: App | F22: Adrian Huxley | G22: 321 | H22: =VLOOKUP(B22,'Customers (2)'!$A$1:$F$2501,2,0) -> France | I22: =VLOOKUP(B22,'Customers (2)'!$A$1:$F$2501,3,0) -> M | J22: =VLOOKUP(B22,'Customers (2)'!$A$1:$F$2501,4,0) -> 27 | K22: =VLOOKUP(B22,'Customers (2)'!$A$1:$F$2501,5,0) -> A | L22: =VLOOKUP(B22,'Customers (2)'!$A$1:$F$2501,6,0) -> Young | M22: =TEXT(D22,"MMMM") -> January | N22: =TEXT(D22,"dddd") -> Monday | O22: =TEXT(D22,"HH:mm:ss") -> 00:17:00 | P22: =HOUR(D22) -> 0 | Q22: =VLOOKUP(B22,'Analysis 1.3'!$AA$1:$AF$1454,5,FALSE) -> Repeat | R22: =VLOOKUP(B22,'Analysis 1.3'!$AA$1:$AF$1454,6,FALSE) -> Passive | S22: =VLOOKUP(B22,'Analysis 1.3'!$AA$1:$AF$1454,4,FALSE) -> 175.98403
A23: 675163 | B23: 26 | C23: France | D23: 45100.94 | E23: Whatsapp | F23: Annette Roulet | G23: 8499 | H23: =VLOOKUP(B23,'Customers (2)'!$A$1:$F$2501,2,0) -> France | I23: =VLOOKUP(B23,'Customers (2)'!$A$1:$F$2501,3,0) -> M | J23: =VLOOKUP(B23,'Customers (2)'!$A$1:$F$2501,4,0) -> 27 | K23: =VLOOKUP(B23,'Customers (2)'!$A$1:$F$2501,5,0) -> A | L23: =VLOOKUP(B23,'Customers (2)'!$A$1:$F$2501,6,0) -> Young | M23: =TEXT(D23,"MMMM") -> June | N23: =TEXT(D23,"dddd") -> Friday | O23: =TEXT(D23,"HH:mm:ss") -> 22:33:00 | P23: =HOUR(D23) -> 22 | Q23: =VLOOKUP(B23,'Analysis 1.3'!$AA$1:$AF$1454,5,FALSE) -> Repeat | R23: =VLOOKUP(B23,'Analysis 1.3'!$AA$1:$AF$1454,6,FALSE) -> Passive | S23: =VLOOKUP(B23,'Analysis 1.3'!$AA$1:$AF$1454,4,FALSE) -> 175.98403
A24: 1453632 | B24: 26 | C24: France | D24: 45071.034 | E24: App | F24: Diego Freyre | G24: 1681 | H24: =VLOOKUP(B24,'Customers (2)'!$A$1:$F$2501,2,0) -> France | I24: =VLOOKUP(B24,'Customers (2)'!$A$1:$F$2501,3,0) -> M | J24: =VLOOKUP(B24,'Customers (2)'!$A$1:$F$2501,4,0) -> 27 | K24: =VLOOKUP(B24,'Customers (2)'!$A$1:$F$2501,5,0) -> A | L24: =VLOOKUP(B24,'Customers (2)'!$A$1:$F$2501,6,0) -> Young | M24: =TEXT(D24,"MMMM") -> May | N24: =TEXT(D24,"dddd") -> Thursday | O24: =TEXT(D24,"HH:mm:ss") -> 00:49:00 | P24: =HOUR(D24) -> 0 | Q24: =VLOOKUP(B24,'Analysis 1.3'!$AA$1:$AF$1454,5,FALSE) -> Repeat | R24: =VLOOKUP(B24,'Analysis 1.3'!$AA$1:$AF$1454,6,FALSE) -> Passive | S24: =VLOOKUP(B24,'Analysis 1.3'!$AA$1:$AF$1454,4,FALSE) -> 175.98403
A25: 1480087 | B25: 26 | C25: France | D25: 45115.998 | E25: Website | F25: Steve Frick | G25: 9335 | H25: =VLOOKUP(B25,'Customers (2)'!$A$1:$F$2501,2,0) -> France | I25: =VLOOKUP(B25,'Customers (2)'!$A$1:$F$2501,3,0) -> M | J25: =VLOOKUP(B25,'Customers (2)'!$A$1:$F$2501,4,0) -> 27 | K25: =VLOOKUP(B25,'Customers (2)'!$A$1:$F$2501,5,0) -> A | L25: =VLOOKUP(B25,'Customers (2)'!$A$1:$F$2501,6,0) -> Young | M25: =TEXT(D25,"MMMM") -> July | N25: =TEXT(D25,"dddd") -> Saturday | O25: =TEXT(D25,"HH:mm:ss") -> 23:57:00 | P25: =HOUR(D25) -> 23 | Q25: =VLOOKUP(B25,'Analysis 1.3'!$AA$1:$AF$1454,5,FALSE) -> Repeat | R25: =VLOOKUP(B25,'Analysis 1.3'!$AA$1:$AF$1454,6,FALSE) -> Passive | S25: =VLOOKUP(B25,'Analysis 1.3'!$AA$1:$AF$1454,4,FALSE) -> 175.98403
A26: 257849 | B26: 27 | C26: USA | D26: 45284.033 | E26: Other | F26: Henriette Pfalzheim | G26: 1534 | H26: =VLOOKUP(B26,'Customers (2)'!$A$1:$F$2501,2,0) -> USA | I26: =VLOOKUP(B26,'Customers (2)'!$A$1:$F$2501,3,0) -> F | J26: =VLOOKUP(B26,'Customers (2)'!$A$1:$F$2501,4,0) -> 66 | K26: =VLOOKUP(B26,'Customers (2)'!$A$1:$F$2501,5,0) -> A | L26: =VLOOKUP(B26,'Customers (2)'!$A$1:$F$2501,6,0) -> Senior | M26: =TEXT(D26,"MMMM") -> December | N26: =TEXT(D26,"dddd") -> Sunday | O26: =TEXT(D26,"HH:mm:ss") -> 00:47:00 | P26: =HOUR(D26) -> 0 | Q26: =VLOOKUP(B26,'Analysis 1.3'!$AA$1:$AF$1454,5,FALSE) -> Repeat | R26: =VLOOKUP(B26,'Analysis 1.3'!$AA$1:$AF$1454,6,FALSE) -> Recent | S26: =VLOOKUP(B26,'Analysis 1.3'!$AA$1:$AF$1454,4,FALSE) -> 7.9493056
A27: 531173 | B27: 27 | C27: USA | D27: 45146.083 | E27: App | F27: Mary Saveley | G27: 9787 | H27: =VLOOKUP(B27,'Customers (2)'!$A$1:$F$2501,2,0) -> USA | I27: =VLOOKUP(B27,'Customers (2)'!$A$1:$F$2501,3,0) -> F | J27: =VLOOKUP(B27,'Customers (2)'!$A$1:$F$2501,4,0) -> 66 | K27: =VLOOKUP(B27,'Customers (2)'!$A$1:$F$2501,5,0) -> A | L27: =VLOOKUP(B27,'Customers (2)'!$A$1:$F$2501,6,0) -> Senior | M27: =TEXT(D27,"MMMM") -> August | N27: =TEXT(D27,"dddd") -> Tuesday | O27: =TEXT(D27,"HH:mm:ss") -> 02:00:00 | P27: =HOUR(D27) -> 2 | Q27: =VLOOKUP(B27,'Analysis 1.3'!$AA$1:$AF$1454,5,FALSE) -> Repeat | R27: =VLOOKUP(B27,'Analysis 1.3'!$AA$1:$AF$1454,6,FALSE) -> Recent | S27: =VLOOKUP(B27,'Analysis 1.3'!$AA$1:$AF$1454,4,FALSE) -> 7.9493056
A28: 668693 | B28: 27 | C28: USA | D28: 44936.966 | E28: Whatsapp | F28: Victoria Ashworth | G28: 3654 | H28: =VLOOKUP(B28,'Customers (2)'!$A$1:$F$2501,2,0) -> USA | I28: =VLOOKUP(B28,'Customers (2)'!$A$1:$F$2501,3,0) -> F | J28: =VLOOKUP(B28,'Customers (2)'!$A$1:$F$2501,4,0) -> 66 | K28: =VLOOKUP(B28,'Customers (2)'!$A$1:$F$2501,5,0) -> A | L28: =VLOOKUP(B28,'Customers (2)'!$A$1:$F$2501,6,0) -> Senior | M28: =TEXT(D28,"MMMM") -> January | N28: =TEXT(D28,"dddd") -> Tuesday | O28: =TEXT(D28,"HH:mm:ss") -> 23:11:00 | P28: =HOUR(D28) -> 23 | Q28: =VLOOKUP(B28,'Analysis 1.3'!$AA$1:$AF$1454,5,FALSE) -> Repeat | R28: =VLOOKUP(B28,'Analysis 1.3'!$AA$1:$AF$1454,6,FALSE) -> Recent | S28: =VLOOKUP(B28,'Analysis 1.3'!$AA$1:$AF$1454,4,FALSE) -> 7.9493056
... A35: 538560 | B35: 31 | C35: USA | D35: 45231.015 | E35: App | F35: Diego Freyre | G35: 9928 | H35: =VLOOKUP(B35,'Customers (2)'!$A$1:$F$2501,2,0) -> USA | I35: =VLOOKUP(B35,'Customers (2)'!$A$1:$F$2501,3,0) -> M | J35: =VLOOKUP(B35,'Customers (2)'!$A$1:$F$2501,4,0) -> 22 | K35: =VLOOKUP(B35,'Customers (2)'!$A$1:$F$2501,5,0) -> A | L35: =VLOOKUP(B35,'Customers (2)'!$A$1:$F$2501,6,0) -> Young | M35: =TEXT(D35,"MMMM") -> November | N35: =TEXT(D35,"dddd") -> Wednesday | O35: =TEXT(D35,"HH:mm:ss") -> 00:21:00 | P35: =HOUR(D35) -> 0 | Q35: =VLOOKUP(B35,'Analysis 1.3'!$AA$1:$AF$1454,5,FALSE) -> Repeat | R35: =VLOOKUP(B35,'Analysis 1.3'!$AA$1:$AF$1454,6,FALSE) -> Recent | S35: =VLOOKUP(B35,'Analysis 1.3'!$AA$1:$AF$1454,4,FALSE) -> 60.967361
A36: 552420 | B36: 31 | C36: USA | D36: 45131.981 | E36: Other | F36: Daniel Da Cunha | G36: 3937 | H36: =VLOOKUP(B36,'Customers (2)'!$A$1:$F$2501,2,0) -> USA | I36: =VLOOKUP(B36,'Customers (2)'!$A$1:$F$2501,3,0) -> M | J36: =VLOOKUP(B36,'Customers (2)'!$A$1:$F$2501,4,0) -> 22 | K36: =VLOOKUP(B36,'Customers (2)'!$A$1:$F$2501,5,0) -> A | L36: =VLOOKUP(B36,'Customers (2)'!$A$1:$F$2501,6,0) -> Young | M36: =TEXT(D36,"MMMM") -> July | N36: =TEXT(D36,"dddd") -> Monday | O36: =TEXT(D36,"HH:mm:ss") -> 23:33:00 | P36: =HOUR(D36) -> 23 | Q36: =VLOOKUP(B36,'Analysis 1.3'!$AA$1:$AF$1454,5,FALSE) -> Repeat | R36: =VLOOKUP(B36,'Analysis 1.3'!$AA$1:$AF$1454,6,FALSE) -> Recent | S36: =VLOOKUP(B36,'Analysis 1.3'!$AA$1:$AF$1454,4,FALSE) -> 60.967361 | AF36: Q1 | AG36: =QUARTILE(J2:J2501,1) -> 35
A37: 597539 | B37: 31 | C37: USA | D37: 45161.051 | E37: Whatsapp | F37: Paolo Accorti | G37: 6892 | H37: =VLOOKUP(B37,'Customers (2)'!$A$1:$F$2501,2,0) -> USA | I37: =VLOOKUP(B37,'Customers (2)'!$A$1:$F$2501,3,0) -> M | J37: =VLOOKUP(B37,'Customers (2)'!$A$1:$F$2501,4,0) -> 22 | K37: =VLOOKUP(B37,'Customers (2)'!$A$1:$F$2501,5,0) -> A | L37: =VLOOKUP(B37,'Customers (2)'!$A$1:$F$2501,6,0) -> Young | M37: =TEXT(D37,"MMMM") -> August | N37: =TEXT(D37,"dddd") -> Wednesday | O37: =TEXT(D37,"HH:mm:ss") -> 01:13:00 | P37: =HOUR(D37) -> 1 | Q37: =VLOOKUP(B37,'Analysis 1.3'!$AA$1:$AF$1454,5,FALSE) -> Repeat | R37: =VLOOKUP(B37,'Analysis 1.3'!$AA$1:$AF$1454,6,FALSE) -> Recent | S37: =VLOOKUP(B37,'Analysis 1.3'!$AA$1:$AF$1454,4,FALSE) -> 60.967361 | W37: Q1 | X37: =QUARTILE(G2:G2501,1) -> 2364 | AF37: Q3 | AG37: =QUARTILE(J2:J2501,3) -> 71
A38: 1546512 | B38: 33 | C38: Spain | D38: 45284.039 | F38: Valarie Nelson | G38: 9521 | H38: =VLOOKUP(B38,'Customers (2)'!$A$1:$F$2501,2,0) -> Spain | I38: =VLOOKUP(B38,'Customers (2)'!$A$1:$F$2501,3,0) -> M | J38: =VLOOKUP(B38,'Customers (2)'!$A$1:$F$2501,4,0) -> 53 | K38: =VLOOKUP(B38,'Customers (2)'!$A$1:$F$2501,5,0) -> A | L38: =VLOOKUP(B38,'Customers (2)'!$A$1:$F$2501,6,0) -> Middle | M38: =TEXT(D38,"MMMM") -> December | N38: =TEXT(D38,"dddd") -> Sunday | O38: =TEXT(D38,"HH:mm:ss") -> 00:56:00 | P38: =HOUR(D38) -> 0 | Q38: =VLOOKUP(B38,'Analysis 1.3'!$AA$1:$AF$1454,5,FALSE) -> One time | R38: =VLOOKUP(B38,'Analysis 1.3'!$AA$1:$AF$1454,6,FALSE) -> Recent | S38: =VLOOKUP(B38,'Analysis 1.3'!$AA$1:$AF$1454,4,FALSE) -> 7.9430556 | W38: Q3 | X38: =QUARTILE(G2:G2501,3) -> 7439.25 | AF38: IQR | AG38: =AG37-AG36 -> 36
A39: 1617524 | B39: 34 | C39: Australia | D39: 44968.988 | E39: Other | F39: Valarie Nelson | G39: 1527 | H39: =VLOOKUP(B39,'Customers (2)'!$A$1:$F$2501,2,0) -> Australia | I39: =VLOOKUP(B39,'Customers (2)'!$A$1:$F$2501,3,0) -> F | J39: =VLOOKUP(B39,'Customers (2)'!$A$1:$F$2501,4,0) -> 20 | K39: =VLOOKUP(B39,'Customers (2)'!$A$1:$F$2501,5,0) -> A | L39: =VLOOKUP(B39,'Customers (2)'!$A$1:$F$2501,6,0) -> Young | M39: =TEXT(D39,"MMMM") -> February | N39: =TEXT(D39,"dddd") -> Saturday | O39: =TEXT(D39,"HH:mm:ss") -> 23:42:00 | P39: =HOUR(D39) -> 23 | Q39: =VLOOKUP(B39,'Analysis 1.3'!$AA$1:$AF$1454,5,FALSE) -> One time | R39: =VLOOKUP(B39,'Analysis 1.3'!$AA$1:$AF$1454,6,FALSE) -> Lost | S39: =VLOOKUP(B39,'Analysis 1.3'!$AA$1:$AF$1454,4,FALSE) -> 322.99444 | W39: IQR | X39: =X38-X37 -> 5075.25
A40: 604405 | B40: 36 | C40: USA | D40: 45238.037 | E40: Website | F40: Catherine Dewey | G40: 6944 | H40: =VLOOKUP(B40,'Customers (2)'!$A$1:$F$2501,2,0) -> USA | I40: =VLOOKUP(B40,'Customers (2)'!$A$1:$F$2501,3,0) -> M | J40: =VLOOKUP(B40,'Customers (2)'!$A$1:$F$2501,4,0) -> 63 | K40: =VLOOKUP(B40,'Customers (2)'!$A$1:$F$2501,5,0) -> A | L40: =VLOOKUP(B40,'Customers (2)'!$A$1:$F$2501,6,0) -> Senior | M40: =TEXT(D40,"MMMM") -> November | N40: =TEXT(D40,"dddd") -> Wednesday | O40: =TEXT(D40,"HH:mm:ss") -> 00:53:00 | P40: =HOUR(D40) -> 0 | Q40: =VLOOKUP(B40,'Analysis 1.3'!$AA$1:$AF$1454,5,FALSE) -> One time | R40: =VLOOKUP(B40,'Analysis 1.3'!$AA$1:$AF$1454,6,FALSE) -> Recent | S40: =VLOOKUP(B40,'Analysis 1.3'!$AA$1:$AF$1454,4,FALSE) -> 53.945139
A41: 1243085 | B41: 39 | C41: USA | D41: 45241.069 | E41: Whatsapp | F41: Frederique Citeaux | G41: 6819 | H41: =VLOOKUP(B41,'Customers (2)'!$A$1:$F$2501,2,0) -> USA | I41: =VLOOKUP(B41,'Customers (2)'!$A$1:$F$2501,3,0) -> F | J41: =VLOOKUP(B41,'Customers (2)'!$A$1:$F$2501,4,0) -> 46 | K41: =VLOOKUP(B41,'Customers (2)'!$A$1:$F$2501,5,0) -> A | L41: =VLOOKUP(B41,'Customers (2)'!$A$1:$F$2501,6,0) -> Middle | M41: =TEXT(D41,"MMMM") -> November | N41: =TEXT(D41,"dddd") -> Saturday | O41: =TEXT(D41,"HH:mm:ss") -> 01:39:00 | P41: =HOUR(D41) -> 1 | Q41: =VLOOKUP(B41,'Analysis 1.3'!$AA$1:$AF$1454,5,FALSE) -> One time | R41: =VLOOKUP(B41,'Analysis 1.3'!$AA$1:$AF$1454,6,FALSE) -> Recent | S41: =VLOOKUP(B41,'Analysis 1.3'!$AA$1:$AF$1454,4,FALSE) -> 50.913194 | W41: UL | X41: =X38+(1.5*X39) -> 15052.125 | AF41: UL | AG41: =AG37+(1.58*AG38) -> 127.88
A42: 245474 | B42: 40 | C42: Australia | D42: 45248.967 | E42: Other | F42: Arnold Cruz | G42: 3933 | H42: =VLOOKUP(B42,'Customers (2)'!$A$1:$F$2501,2,0) -> Australia | I42: =VLOOKUP(B42,'Customers (2)'!$A$1:$F$2501,3,0) -> F | J42: =VLOOKUP(B42,'Customers (2)'!$A$1:$F$2501,4,0) -> 37 | K42: =VLOOKUP(B42,'Customers (2)'!$A$1:$F$2501,5,0) -> A | L42: =VLOOKUP(B42,'Customers (2)'!$A$1:$F$2501,6,0) -> Middle | M42: =TEXT(D42,"MMMM") -> November | N42: =TEXT(D42,"dddd") -> Saturday | O42: =TEXT(D42,"HH:mm:ss") -> 23:13:00 | P42: =HOUR(D42) -> 23 | Q42: =VLOOKUP(B42,'Analysis 1.3'!$AA$1:$AF$1454,5,FALSE) -> Repeat | R42: =VLOOKUP(B42,'Analysis 1.3'!$AA$1:$AF$1454,6,FALSE) -> Recent | S42: =VLOOKUP(B42,'Analysis 1.3'!$AA$1:$AF$1454,4,FALSE) -> 43.014583 | W42: LL | X42: =X37-(1.5*X39) -> -5248.875 | AF42: LL | AG42: =AG36-(1.5*AG38) -> -19
A43: 588730 | B43: 40 | C43: Australia | D43: 45163.014 | E43: Other | F43: Paul Henriot | G43: 238 | H43: =VLOOKUP(B43,'Customers (2)'!$A$1:$F$2501,2,0) -> Australia | I43: =VLOOKUP(B43,'Customers (2)'!$A$1:$F$2501,3,0) -> F | J43: =VLOOKUP(B43,'Customers (2)'!$A$1:$F$2501,4,0) -> 37 | K43: =VLOOKUP(B43,'Customers (2)'!$A$1:$F$2501,5,0) -> A | L43: =VLOOKUP(B43,'Customers (2)'!$A$1:$F$2501,6,0) -> Middle | M43: =TEXT(D43,"MMMM") -> August | N43: =TEXT(D43,"dddd") -> Friday | O43: =TEXT(D43,"HH:mm:ss") -> 00:20:00 | P43: =HOUR(D43) -> 0 | Q43: =VLOOKUP(B43,'Analysis 1.3'!$AA$1:$AF$1454,5,FALSE) -> Repeat | R43: =VLOOKUP(B43,'Analysis 1.3'!$AA$1:$AF$1454,6,FALSE) -> Recent | S43: =VLOOKUP(B43,'Analysis 1.3'!$AA$1:$AF$1454,4,FALSE) -> 43.014583
A44: 926206 | B44: 41 | C44: Australia | D44: 44982.958 | E44: App | F44: Kalle Suominen | G44: 3952 | H44: =VLOOKUP(B44,'Customers (2)'!$A$1:$F$2501,2,0) -> Australia | I44: =VLOOKUP(B44,'Customers (2)'!$A$1:$F$2501,3,0) -> F | J44: =VLOOKUP(B44,'Customers (2)'!$A$1:$F$2501,4,0) -> 42 | K44: =VLOOKUP(B44,'Customers (2)'!$A$1:$F$2501,5,0) -> A | L44: =VLOOKUP(B44,'Customers (2)'!$A$1:$F$2501,6,0) -> Middle | M44: =TEXT(D44,"MMMM") -> February | N44: =TEXT(D44,"dddd") -> Saturday | O44: =TEXT(D44,"HH:mm:ss") -> 23:00:00 | P44: =HOUR(D44) -> 23 | Q44: =VLOOKUP(B44,'Analysis 1.3'!$AA$1:$AF$1454,5,FALSE) -> One time | R44: =VLOOKUP(B44,'Analysis 1.3'!$AA$1:$AF$1454,6,FALSE) -> Lost | S44: =VLOOKUP(B44,'Analysis 1.3'!$AA$1:$AF$1454,4,FALSE) -> 309.02361
A45: 310303 | B45: 42 | C45: Spain | D45: 45135.019 | E45: Other | F45: Adrian Huxley | G45: 369 | H45: =VLOOKUP(B45,'Customers (2)'!$A$1:$F$2501,2,0) -> Spain | I45: =VLOOKUP(B45,'Customers (2)'!$A$1:$F$2501,3,0) -> F | J45: =VLOOKUP(B45,'Customers (2)'!$A$1:$F$2501,4,0) -> 43 | K45: =VLOOKUP(B45,'Customers (2)'!$A$1:$F$2501,5,0) -> A | L45: =VLOOKUP(B45,'Customers (2)'!$A$1:$F$2501,6,0) -> Middle | M45: =TEXT(D45,"MMMM") -> July | N45: =TEXT(D45,"dddd") -> Friday | O45: =TEXT(D45,"HH:mm:ss") -> 00:28:00 | P45: =HOUR(D45) -> 0 | Q45: =VLOOKUP(B45,'Analysis 1.3'!$AA$1:$AF$1454,5,FALSE) -> Repeat | R45: =VLOOKUP(B45,'Analysis 1.3'!$AA$1:$AF$1454,6,FALSE) -> Passive | S45: =VLOOKUP(B45,'Analysis 1.3'!$AA$1:$AF$1454,4,FALSE) -> 156.9625
A46: 1641043 | B46: 42 | C46: Spain | D46: 44976.96 | E46: Other | F46: Kwai Yu | G46: 8182 | H46: =VLOOKUP(B46,'Customers (2)'!$A$1:$F$2501,2,0) -> Spain | I46: =VLOOKUP(B46,'Customers (2)'!$A$1:$F$2501,3,0) -> F | J46: =VLOOKUP(B46,'Customers (2)'!$A$1:$F$2501,4,0) -> 43 | K46: =VLOOKUP(B46,'Customers (2)'!$A$1:$F$2501,5,0) -> A | L46: =VLOOKUP(B46,'Customers (2)'!$A$1:$F$2501,6,0) -> Middle | M46: =TEXT(D46,"MMMM") -> February | N46: =TEXT(D46,"dddd") -> Sunday | O46: =TEXT(D46,"HH:mm:ss") -> 23:02:00 | P46: =HOUR(D46) -> 23 | Q46: =VLOOKUP(B46,'Analysis 1.3'!$AA$1:$AF$1454,5,FALSE) -> Repeat | R46: =VLOOKUP(B46,'Analysis 1.3'!$AA$1:$AF$1454,6,FALSE) -> Passive | S46: =VLOOKUP(B46,'Analysis 1.3'!$AA$1:$AF$1454,4,FALSE) -> 156.9625
A47: 276698 | B47: 43 | C47: Singapore | D47: 45057.045 | E47: Other | F47: Marie Bertrand | G47: 9942 | H47: =VLOOKUP(B47,'Customers (2)'!$A$1:$F$2501,2,0) -> Singapore | I47: =VLOOKUP(B47,'Customers (2)'!$A$1:$F$2501,3,0) -> F | J47: =VLOOKUP(B47,'Customers (2)'!$A$1:$F$2501,4,0) -> 55 | K47: =VLOOKUP(B47,'Customers (2)'!$A$1:$F$2501,5,0) -> A | L47: =VLOOKUP(B47,'Customers (2)'!$A$1:$F$2501,6,0) -> Middle | M47: =TEXT(D47,"MMMM") -> May | N47: =TEXT(D47,"dddd") -> Thursday | O47: =TEXT(D47,"HH:mm:ss") -> 01:05:00 | P47: =HOUR(D47) -> 1 | Q47: =VLOOKUP(B47,'Analysis 1.3'!$AA$1:$AF$1454,5,FALSE) -> Repeat | R47: =VLOOKUP(B47,'Analysis 1.3'!$AA$1:$AF$1454,6,FALSE) -> Passive | S47: =VLOOKUP(B47,'Analysis 1.3'!$AA$1:$AF$1454,4,FALSE) -> 103.01042
A48: 372217 | B48: 43 | C48: Singapore | D48: 45188.972 | E48: Other | F48: Valarie Nelson | G48: 6713 | H48: =VLOOKUP(B48,'Customers (2)'!$A$1:$F$2501,2,0) -> Singapore | I48: =VLOOKUP(B48,'Customers (2)'!$A$1:$F$2501,3,0) -> F | J48: =VLOOKUP(B48,'Customers (2)'!$A$1:$F$2501,4,0) -> 55 | K48: =VLOOKUP(B48,'Customers (2)'!$A$1:$F$2501,5,0) -> A | L48: =VLOOKUP(B48,'Customers (2)'!$A$1:$F$2501,6,0) -> Middle | M48: =TEXT(D48,"MMMM") -> September | N48: =TEXT(D48,"dddd") -> Tuesday | O48: =TEXT(D48,"HH:mm:ss") -> 23:19:00 | P48: =HOUR(D48) -> 23 | Q48: =VLOOKUP(B48,'Analysis 1.3'!$AA$1:$AF$1454,5,FALSE) -> Repeat | R48: =VLOOKUP(B48,'Analysis 1.3'!$AA$1:$AF$1454,6,FALSE) -> Passive | S48: =VLOOKUP(B48,'Analysis 1.3'!$AA$1:$AF$1454,4,FALSE) -> 103.01042
A49: 572449 | B49: 43 | C49: Singapore | D49: 45047.996 | E49: Website | F49: Frederique Citeaux | G49: 2289 | H49: =VLOOKUP(B49,'Customers (2)'!$A$1:$F$2501,2,0) -> Singapore | I49: =VLOOKUP(B49,'Customers (2)'!$A$1:$F$2501,3,0) -> F | J49: =VLOOKUP(B49,'Customers (2)'!$A$1:$F$2501,4,0) -> 55 | K49: =VLOOKUP(B49,'Customers (2)'!$A$1:$F$2501,5,0) -> A | L49: =VLOOKUP(B49,'Customers (2)'!$A$1:$F$2501,6,0) -> Middle | M49: =TEXT(D49,"MMMM") -> May | N49: =TEXT(D49,"dddd") -> Monday | O49: =TEXT(D49,"HH:mm:ss") -> 23:54:00 | P49: =HOUR(D49) -> 23 | Q49: =VLOOKUP(B49,'Analysis 1.3'!$AA$1:$AF$1454,5,FALSE) -> Repeat | R49: =VLOOKUP(B49,'Analysis 1.3'!$AA$1:$AF$1454,6,FALSE) -> Passive | S49: =VLOOKUP(B49,'Analysis 1.3'!$AA$1:$AF$1454,4,FALSE) -> 103.01042
A50: 1219662 | B50: 45 | C50: USA | D50: 45056.96 | E50: Whatsapp | F50: Georg Pipps | G50: 8683 | H50: =VLOOKUP(B50,'Customers (2)'!$A$1:$F$2501,2,0) -> USA | I50: =VLOOKUP(B50,'Customers (2)'!$A$1:$F$2501,3,0) -> M | J50: =VLOOKUP(B50,'Customers (2)'!$A$1:$F$2501,4,0) -> 89 | K50: =VLOOKUP(B50,'Customers (2)'!$A$1:$F$2501,5,0) -> A | L50: =VLOOKUP(B50,'Customers (2)'!$A$1:$F$2501,6,0) -> Senior | M50: =TEXT(D50,"MMMM") -> May | N50: =TEXT(D50,"dddd") -> Wednesday | O50: =TEXT(D50,"HH:mm:ss") -> 23:02:00 | P50: =HOUR(D50) -> 23 | Q50: =VLOOKUP(B50,'Analysis 1.3'!$AA$1:$AF$1454,5,FALSE) -> One time | R50: =VLOOKUP(B50,'Analysis 1.3'!$AA$1:$AF$1454,6,FALSE) -> Lost | S50: =VLOOKUP(B50,'Analysis 1.3'!$AA$1:$AF$1454,4,FALSE) -> 235.02222
A51: 1660467 | B51: 46 | C51: Finland | D51: 45176.028 | E51: Other | F51: Janine Labrune | G51: 7481 | H51: =VLOOKUP(B51,'Customers (2)'!$A$1:$F$2501,2,0) -> Finland | I51: =VLOOKUP(B51,'Customers (2)'!$A$1:$F$2501,3,0) -> F | J51: =VLOOKUP(B51,'Customers (2)'!$A$1:$F$2501,4,0) -> 66 | K51: =VLOOKUP(B51,'Customers (2)'!$A$1:$F$2501,5,0) -> A | L51: =VLOOKUP(B51,'Customers (2)'!$A$1:$F$2501,6,0) -> Senior | M51: =TEXT(D51,"MMMM") -> September | N51: =TEXT(D51,"dddd") -> Thursday | O51: =TEXT(D51,"HH:mm:ss") -> 00:41:00 | P51: =HOUR(D51) -> 0 | Q51: =VLOOKUP(B51,'Analysis 1.3'!$AA$1:$AF$1454,5,FALSE) -> One time | R51: =VLOOKUP(B51,'Analysis 1.3'!$AA$1:$AF$1454,6,FALSE) -> Passive | S51: =VLOOKUP(B51,'Analysis 1.3'!$AA$1:$AF$1454,4,FALSE) -> 115.95347
A52: 443374 | B52: 47 | C52: Spain | D52: 45061.093 | E52: Website | F52: Rosa Hernandez | G52: 768 | H52: =VLOOKUP(B52,'Customers (2)'!$A$1:$F$2501,2,0) -> Spain | I52: =VLOOKUP(B52,'Customers (2)'!$A$1:$F$2501,3,0) -> M | J52: =VLOOKUP(B52,'Customers (2)'!$A$1:$F$2501,4,0) -> 25 | K52: =VLOOKUP(B52,'Customers (2)'!$A$1:$F$2501,5,0) -> A | L52: =VLOOKUP(B52,'Customers (2)'!$A$1:$F$2501,6,0) -> Young | M52: =TEXT(D52,"MMMM") -> May | N52: =TEXT(D52,"dddd") -> Monday | O52: =TEXT(D52,"HH:mm:ss") -> 02:14:00 | P52: =HOUR(D52) -> 2 | Q52: =VLOOKUP(B52,'Analysis 1.3'!$AA$1:$AF$1454,5,FALSE) -> Repeat | R52: =VLOOKUP(B52,'Analysis 1.3'!$AA$1:$AF$1454,6,FALSE) -> Lost | S52: =VLOOKUP(B52,'Analysis 1.3'!$AA$1:$AF$1454,4,FALSE) -> 230.88889
A53: 1050970 | B53: 47 | C53: Spain | D53: 45055.051 | E53: Website | F53: Dean Cassidy | G53: 2859 | H53: =VLOOKUP(B53,'Customers (2)'!$A$1:$F$2501,2,0) -> Spain | I53: =VLOOKUP(B53,'Customers (2)'!$A$1:$F$2501,3,0) -> M | J53: =VLOOKUP(B53,'Customers (2)'!$A$1:$F$2501,4,0) -> 25 | K53: =VLOOKUP(B53,'Customers (2)'!$A$1:$F$2501,5,0) -> A | L53: =VLOOKUP(B53,'Customers (2)'!$A$1:$F$2501,6,0) -> Young | M53: =TEXT(D53,"MMMM") -> May | N53: =TEXT(D53,"dddd") -> Tuesday | O53: =TEXT(D53,"HH:mm:ss") -> 01:13:00 | P53: =HOUR(D53) -> 1 | Q53: =VLOOKUP(B53,'Analysis 1.3'!$AA$1:$AF$1454,5,FALSE) -> Repeat | R53: =VLOOKUP(B53,'Analysis 1.3'!$AA$1:$AF$1454,6,FALSE) -> Lost | S53: =VLOOKUP(B53,'Analysis 1.3'!$AA$1:$AF$1454,4,FALSE) -> 230.88889
A54: 754474 | B54: 48 | C54: USA | D54: 45004.954 | E54: Whatsapp | F54: Laurence Lebihan | G54: 5288 | H54: =VLOOKUP(B54,'Customers (2)'!$A$1:$F$2501,2,0) -> USA | I54: =VLOOKUP(B54,'Customers (2)'!$A$1:$F$2501,3,0) -> F | J54: =VLOOKUP(B54,'Customers (2)'!$A$1:$F$2501,4,0) -> 66 | K54: =VLOOKUP(B54,'Customers (2)'!$A$1:$F$2501,5,0) -> A | L54: =VLOOKUP(B54,'Customers (2)'!$A$1:$F$2501,6,0) -> Senior | M54: =TEXT(D54,"MMMM") -> March | N54: =TEXT(D54,"dddd") -> Sunday | O54: =TEXT(D54,"HH:mm:ss") -> 22:54:00 | P54: =HOUR(D54) -> 22 | Q54: =VLOOKUP(B54,'Analysis 1.3'!$AA$1:$AF$1454,5,FALSE) -> Repeat | R54: =VLOOKUP(B54,'Analysis 1.3'!$AA$1:$AF$1454,6,FALSE) -> Passive | S54: =VLOOKUP(B54,'Analysis 1.3'!$AA$1:$AF$1454,4,FALSE) -> 160.91736
... A62: 871057 | B62: 52 | C62: USA | D62: 45240.019 | E62: Website | F62: Christina Berglund | G62: 6246 | H62: =VLOOKUP(B62,'Customers (2)'!$A$1:$F$2501,2,0) -> USA | I62: =VLOOKUP(B62,'Customers (2)'!$A$1:$F$2501,3,0) -> F | J62: =VLOOKUP(B62,'Customers (2)'!$A$1:$F$2501,4,0) -> 75 | K62: =VLOOKUP(B62,'Customers (2)'!$A$1:$F$2501,5,0) -> A | L62: =VLOOKUP(B62,'Customers (2)'!$A$1:$F$2501,6,0) -> Senior | M62: =TEXT(D62,"MMMM") -> November | N62: =TEXT(D62,"dddd") -> Friday | O62: =TEXT(D62,"HH:mm:ss") -> 00:28:00 | P62: =HOUR(D62) -> 0 | Q62: =VLOOKUP(B62,'Analysis 1.3'!$AA$1:$AF$1454,5,FALSE) -> One time | R62: =VLOOKUP(B62,'Analysis 1.3'!$AA$1:$AF$1454,6,FALSE) -> Recent | S62: =VLOOKUP(B62,'Analysis 1.3'!$AA$1:$AF$1454,4,FALSE) -> 51.9625
A63: 571695 | B63: 53 | D63: 45140.027 | E63: App | F63: Mart¡n Sommer | G63: 832 | H63: =VLOOKUP(B63,'Customers (2)'!$A$1:$F$2501,2,0) -> Italy | I63: =VLOOKUP(B63,'Customers (2)'!$A$1:$F$2501,3,0) -> M | J63: =VLOOKUP(B63,'Customers (2)'!$A$1:$F$2501,4,0) -> 62 | K63: =VLOOKUP(B63,'Customers (2)'!$A$1:$F$2501,5,0) -> A | L63: =VLOOKUP(B63,'Customers (2)'!$A$1:$F$2501,6,0) -> Senior | M63: =TEXT(D63,"MMMM") -> August | N63: =TEXT(D63,"dddd") -> Wednesday | O63: =TEXT(D63,"HH:mm:ss") -> 00:39:00 | P63: =HOUR(D63) -> 0 | Q63: =VLOOKUP(B63,'Analysis 1.3'!$AA$1:$AF$1454,5,FALSE) -> Repeat | R63: =VLOOKUP(B63,'Analysis 1.3'!$AA$1:$AF$1454,6,FALSE) -> Recent | S63: =VLOOKUP(B63,'Analysis 1.3'!$AA$1:$AF$1454,4,FALSE) -> 0.99166667
A64: 1165962 | B64: 53 | C64: Italy | D64: 45290.99 | E64: Website | F64: Arnold Cruz | G64: 9977 | H64: =VLOOKUP(B64,'Customers (2)'!$A$1:$F$2501,2,0) -> Italy | I64: =VLOOKUP(B64,'Customers (2)'!$A$1:$F$2501,3,0) -> M | J64: =VLOOKUP(B64,'Customers (2)'!$A$1:$F$2501,4,0) -> 62 | K64: =VLOOKUP(B64,'Customers (2)'!$A$1:$F$2501,5,0) -> A | L64: =VLOOKUP(B64,'Customers (2)'!$A$1:$F$2501,6,0) -> Senior | M64: =TEXT(D64,"MMMM") -> December | N64: =TEXT(D64,"dddd") -> Saturday | O64: =TEXT(D64,"HH:mm:ss") -> 23:46:00 | P64: =HOUR(D64) -> 23 | Q64: =VLOOKUP(B64,'Analysis 1.3'!$AA$1:$AF$1454,5,FALSE) -> Repeat | R64: =VLOOKUP(B64,'Analysis 1.3'!$AA$1:$AF$1454,6,FALSE) -> Recent | S64: =VLOOKUP(B64,'Analysis 1.3'!$AA$1:$AF$1454,4,FALSE) -> 0.99166667
A65: 1231036 | B65: 53 | C65: Italy | D65: 45158.062 | E65: Website | F65: Victoria Ashworth | G65: 312 | H65: =VLOOKUP(B65,'Customers (2)'!$A$1:$F$2501,2,0) -> Italy | I65: =VLOOKUP(B65,'Customers (2)'!$A$1:$F$2501,3,0) -> M | J65: =VLOOKUP(B65,'Customers (2)'!$A$1:$F$2501,4,0) -> 62 | K65: =VLOOKUP(B65,'Customers (2)'!$A$1:$F$2501,5,0) -> A | L65: =VLOOKUP(B65,'Customers (2)'!$A$1:$F$2501,6,0) -> Senior | M65: =TEXT(D65,"MMMM") -> August | N65: =TEXT(D65,"dddd") -> Sunday | O65: =TEXT(D65,"HH:mm:ss") -> 01:30:00 | P65: =HOUR(D65) -> 1 | Q65: =VLOOKUP(B65,'Analysis 1.3'!$AA$1:$AF$1454,5,FALSE) -> Repeat | R65: =VLOOKUP(B65,'Analysis 1.3'!$AA$1:$AF$1454,6,FALSE) -> Recent | S65: =VLOOKUP(B65,'Analysis 1.3'!$AA$1:$AF$1454,4,FALSE) -> 0.99166667
A66: 1312635 | B66: 55 | C66: Denmark | D66: 44970.99 | E66: Website | F66: Elizabeth Lincoln | G66: 2981 | H66: =VLOOKUP(B66,'Customers (2)'!$A$1:$F$2501,2,0) -> Denmark | I66: =VLOOKUP(B66,'Customers (2)'!$A$1:$F$2501,3,0) -> F | J66: =VLOOKUP(B66,'Customers (2)'!$A$1:$F$2501,4,0) -> 32 | K66: =VLOOKUP(B66,'Customers (2)'!$A$1:$F$2501,5,0) -> A | L66: =VLOOKUP(B66,'Customers (2)'!$A$1:$F$2501,6,0) -> Young | M66: =TEXT(D66,"MMMM") -> February | N66: =TEXT(D66,"dddd") -> Monday | O66: =TEXT(D66,"HH:mm:ss") -> 23:45:00 | P66: =HOUR(D66) -> 23 | Q66: =VLOOKUP(B66,'Analysis 1.3'!$AA$1:$AF$1454,5,FALSE) -> One time | R66: =VLOOKUP(B66,'Analysis 1.3'!$AA$1:$AF$1454,6,FALSE) -> Lost | S66: =VLOOKUP(B66,'Analysis 1.3'!$AA$1:$AF$1454,4,FALSE) -> 320.99236
A67: 1255723 | B67: 57 | C67: India | D67: 45087.996 | E67: Other | F67: Dominique Perrier | G67: 9161 | H67: =VLOOKUP(B67,'Customers (2)'!$A$1:$F$2501,2,0) -> India | I67: =VLOOKUP(B67,'Customers (2)'!$A$1:$F$2501,3,0) -> M | J67: =VLOOKUP(B67,'Customers (2)'!$A$1:$F$2501,4,0) -> 79 | K67: =VLOOKUP(B67,'Customers (2)'!$A$1:$F$2501,5,0) -> A | L67: =VLOOKUP(B67,'Customers (2)'!$A$1:$F$2501,6,0) -> Senior | M67: =TEXT(D67,"MMMM") -> June | N67: =TEXT(D67,"dddd") -> Saturday | O67: =TEXT(D67,"HH:mm:ss") -> 23:54:00 | P67: =HOUR(D67) -> 23 | Q67: =VLOOKUP(B67,'Analysis 1.3'!$AA$1:$AF$1454,5,FALSE) -> One time | R67: =VLOOKUP(B67,'Analysis 1.3'!$AA$1:$AF$1454,6,FALSE) -> Lost | S67: =VLOOKUP(B67,'Analysis 1.3'!$AA$1:$AF$1454,4,FALSE) -> 203.98611
A68: 695670 | B68: 58 | C68: Germany | D68: 45090.099 | E68: Whatsapp | F68: Michael Frick | G68: 8331 | H68: =VLOOKUP(B68,'Customers (2)'!$A$1:$F$2501,2,0) -> Germany | I68: =VLOOKUP(B68,'Customers (2)'!$A$1:$F$2501,3,0) -> M | J68: =VLOOKUP(B68,'Customers (2)'!$A$1:$F$2501,4,0) -> 29 | K68: =VLOOKUP(B68,'Customers (2)'!$A$1:$F$2501,5,0) -> A | L68: =VLOOKUP(B68,'Customers (2)'!$A$1:$F$2501,6,0) -> Young | M68: =TEXT(D68,"MMMM") -> June | N68: =TEXT(D68,"dddd") -> Tuesday | O68: =TEXT(D68,"HH:mm:ss") -> 02:22:00 | P68: =HOUR(D68) -> 2 | Q68: =VLOOKUP(B68,'Analysis 1.3'!$AA$1:$AF$1454,5,FALSE) -> One time | R68: =VLOOKUP(B68,'Analysis 1.3'!$AA$1:$AF$1454,6,FALSE) -> Lost | S68: =VLOOKUP(B68,'Analysis 1.3'!$AA$1:$AF$1454,4,FALSE) -> 201.88333
A69: 1356717 | B69: 59 | C69: Australia | D69: 44996.937 | E69: App | F69: Steve Frick | G69: 4472 | H69: =VLOOKUP(B69,'Customers (2)'!$A$1:$F$2501,2,0) -> Australia | I69: =VLOOKUP(B69,'Customers (2)'!$A$1:$F$2501,3,0) -> F | J69: =VLOOKUP(B69,'Customers (2)'!$A$1:$F$2501,4,0) -> 70 | K69: =VLOOKUP(B69,'Customers (2)'!$A$1:$F$2501,5,0) -> A | L69: =VLOOKUP(B69,'Customers (2)'!$A$1:$F$2501,6,0) -> Senior | M69: =TEXT(D69,"MMMM") -> March | N69: =TEXT(D69,"dddd") -> Saturday | O69: =TEXT(D69,"HH:mm:ss") -> 22:29:00 | P69: =HOUR(D69) -> 22 | Q69: =VLOOKUP(B69,'Analysis 1.3'!$AA$1:$AF$1454,5,FALSE) -> One time | R69: =VLOOKUP(B69,'Analysis 1.3'!$AA$1:$AF$1454,6,FALSE) -> Lost | S69: =VLOOKUP(B69,'Analysis 1.3'!$AA$1:$AF$1454,4,FALSE) -> 295.04514
A70: 1093212 | B70: 60 | C70: USA | D70: 45129.044 | F70: Valarie Franco | G70: 799 | H70: =VLOOKUP(B70,'Customers (2)'!$A$1:$F$2501,2,0) -> USA | I70: =VLOOKUP(B70,'Customers (2)'!$A$1:$F$2501,3,0) -> M | J70: =VLOOKUP(B70,'Customers (2)'!$A$1:$F$2501,4,0) -> 60 | K70: =VLOOKUP(B70,'Customers (2)'!$A$1:$F$2501,5,0) -> A | L70: =VLOOKUP(B70,'Customers (2)'!$A$1:$F$2501,6,0) -> Senior | M70: =TEXT(D70,"MMMM") -> July | N70: =TEXT(D70,"dddd") -> Saturday | O70: =TEXT(D70,"HH:mm:ss") -> 01:04:00 | P70: =HOUR(D70) -> 1 | Q70: =VLOOKUP(B70,'Analysis 1.3'!$AA$1:$AF$1454,5,FALSE) -> One time | R70: =VLOOKUP(B70,'Analysis 1.3'!$AA$1:$AF$1454,6,FALSE) -> Passive | S70: =VLOOKUP(B70,'Analysis 1.3'!$AA$1:$AF$1454,4,FALSE) -> 162.9375
A71: 88069 | B71: 61 | C71: Spain | D71: 44952.062 | E71: Other | F71: Juri Hirano | G71: 8410 | H71: =VLOOKUP(B71,'Customers (2)'!$A$1:$F$2501,2,0) -> Spain | I71: =VLOOKUP(B71,'Customers (2)'!$A$1:$F$2501,3,0) -> F | J71: =VLOOKUP(B71,'Customers (2)'!$A$1:$F$2501,4,0) -> 47 | K71: =VLOOKUP(B71,'Customers (2)'!$A$1:$F$2501,5,0) -> A | L71: =VLOOKUP(B71,'Customers (2)'!$A$1:$F$2501,6,0) -> Middle | M71: =TEXT(D71,"MMMM") -> January | N71: =TEXT(D71,"dddd") -> Thursday | O71: =TEXT(D71,"HH:mm:ss") -> 01:29:00 | P71: =HOUR(D71) -> 1 | Q71: =VLOOKUP(B71,'Analysis 1.3'!$AA$1:$AF$1454,5,FALSE) -> Repeat | R71: =VLOOKUP(B71,'Analysis 1.3'!$AA$1:$AF$1454,6,FALSE) -> Recent | S71: =VLOOKUP(B71,'Analysis 1.3'!$AA$1:$AF$1454,4,FALSE) -> 7.0104167
A72: 499145 | B72: 61 | C72: Spain | D72: 45168.954 | E72: Website | F72: Valarie Nelson | G72: 165 | H72: =VLOOKUP(B72,'Customers (2)'!$A$1:$F$2501,2,0) -> Spain | I72: =VLOOKUP(B72,'Customers (2)'!$A$1:$F$2501,3,0) -> F | J72: =VLOOKUP(B72,'Customers (2)'!$A$1:$F$2501,4,0) -> 47 | K72: =VLOOKUP(B72,'Customers (2)'!$A$1:$F$2501,5,0) -> A | L72: =VLOOKUP(B72,'Customers (2)'!$A$1:$F$2501,6,0) -> Middle | M72: =TEXT(D72,"MMMM") -> August | N72: =TEXT(D72,"dddd") -> Wednesday | O72: =TEXT(D72,"HH:mm:ss") -> 22:54:00 | P72: =HOUR(D72) -> 22 | Q72: =VLOOKUP(B72,'Analysis 1.3'!$AA$1:$AF$1454,5,FALSE) -> Repeat | R72: =VLOOKUP(B72,'Analysis 1.3'!$AA$1:$AF$1454,6,FALSE) -> Recent | S72: =VLOOKUP(B72,'Analysis 1.3'!$AA$1:$AF$1454,4,FALSE) -> 7.0104167
A73: 1253263 | B73: 61 | C73: Spain | D73: 45072.068 | E73: Whatsapp | F73: Valarie Nelson | G73: 2843 | H73: =VLOOKUP(B73,'Customers (2)'!$A$1:$F$2501,2,0) -> Spain | I73: =VLOOKUP(B73,'Customers (2)'!$A$1:$F$2501,3,0) -> F | J73: =VLOOKUP(B73,'Customers (2)'!$A$1:$F$2501,4,0) -> 47 | K73: =VLOOKUP(B73,'Customers (2)'!$A$1:$F$2501,5,0) -> A | L73: =VLOOKUP(B73,'Customers (2)'!$A$1:$F$2501,6,0) -> Middle | M73: =TEXT(D73,"MMMM") -> May | N73: =TEXT(D73,"dddd") -> Friday | O73: =TEXT(D73,"HH:mm:ss") -> 01:38:00 | P73: =HOUR(D73) -> 1 | Q73: =VLOOKUP(B73,'Analysis 1.3'!$AA$1:$AF$1454,5,FALSE) -> Repeat | R73: =VLOOKUP(B73,'Analysis 1.3'!$AA$1:$AF$1454,6,FALSE) -> Recent | S73: =VLOOKUP(B73,'Analysis 1.3'!$AA$1:$AF$1454,4,FALSE) -> 7.0104167
A74: 1362785 | B74: 61 | C74: Spain | D74: 45284.972 | E74: Other | F74: Sue King | G74: 3114 | H74: =VLOOKUP(B74,'Customers (2)'!$A$1:$F$2501,2,0) -> Spain | I74: =VLOOKUP(B74,'Customers (2)'!$A$1:$F$2501,3,0) -> F | J74: =VLOOKUP(B74,'Customers (2)'!$A$1:$F$2501,4,0) -> 47 | K74: =VLOOKUP(B74,'Customers (2)'!$A$1:$F$2501,5,0) -> A | L74: =VLOOKUP(B74,'Customers (2)'!$A$1:$F$2501,6,0) -> Middle | M74: =TEXT(D74,"MMMM") -> December | N74: =TEXT(D74,"dddd") -> Sunday | O74: =TEXT(D74,"HH:mm:ss") -> 23:19:00 | P74: =HOUR(D74) -> 23 | Q74: =VLOOKUP(B74,'Analysis 1.3'!$AA$1:$AF$1454,5,FALSE) -> Repeat | R74: =VLOOKUP(B74,'Analysis 1.3'!$AA$1:$AF$1454,6,FALSE) -> Recent | S74: =VLOOKUP(B74,'Analysis 1.3'!$AA$1:$AF$1454,4,FALSE) -> 7.0104167
A75: 502404 | B75: 62 | C75: USA | D75: 44973.994 | E75: App | F75: Marta Hernandez | G75: 3368 | H75: =VLOOKUP(B75,'Customers (2)'!$A$1:$F$2501,2,0) -> USA | I75: =VLOOKUP(B75,'Customers (2)'!$A$1:$F$2501,3,0) -> F | J75: =VLOOKUP(B75,'Customers (2)'!$A$1:$F$2501,4,0) -> 42 | K75: =VLOOKUP(B75,'Customers (2)'!$A$1:$F$2501,5,0) -> A | L75: =VLOOKUP(B75,'Customers (2)'!$A$1:$F$2501,6,0) -> Middle | M75: =TEXT(D75,"MMMM") -> February | N75: =TEXT(D75,"dddd") -> Thursday | O75: =TEXT(D75,"HH:mm:ss") -> 23:51:00 | P75: =HOUR(D75) -> 23 | Q75: =VLOOKUP(B75,'Analysis 1.3'!$AA$1:$AF$1454,5,FALSE) -> Repeat | R75: =VLOOKUP(B75,'Analysis 1.3'!$AA$1:$AF$1454,6,FALSE) -> Lost | S75: =VLOOKUP(B75,'Analysis 1.3'!$AA$1:$AF$1454,4,FALSE) -> 210.89931
A76: 752092 | B76: 62 | C76: USA | D76: 44949.047 | E76: App | F76: Valarie Nelson | G76: 9268 | H76: =VLOOKUP(B76,'Customers (2)'!$A$1:$F$2501,2,0) -> USA | I76: =VLOOKUP(B76,'Customers (2)'!$A$1:$F$2501,3,0) -> F | J76: =VLOOKUP(B76,'Customers (2)'!$A$1:$F$2501,4,0) -> 42 | K76: =VLOOKUP(B76,'Customers (2)'!$A$1:$F$2501,5,0) -> A | L76: =VLOOKUP(B76,'Customers (2)'!$A$1:$F$2501,6,0) -> Middle | M76: =TEXT(D76,"MMMM") -> January | N76: =TEXT(D76,"dddd") -> Monday | O76: =TEXT(D76,"HH:mm:ss") -> 01:07:00 | P76: =HOUR(D76) -> 1 | Q76: =VLOOKUP(B76,'Analysis 1.3'!$AA$1:$AF$1454,5,FALSE) -> Repeat | R76: =VLOOKUP(B76,'Analysis 1.3'!$AA$1:$AF$1454,6,FALSE) -> Lost | S76: =VLOOKUP(B76,'Analysis 1.3'!$AA$1:$AF$1454,4,FALSE) -> 210.89931
A77: 810114 | B77: 62 | C77: USA | D77: 45081.083 | E77: App | F77: Leslie Taylor | G77: 2084 | H77: =VLOOKUP(B77,'Customers (2)'!$A$1:$F$2501,2,0) -> USA | I77: =VLOOKUP(B77,'Customers (2)'!$A$1:$F$2501,3,0) -> F | J77: =VLOOKUP(B77,'Customers (2)'!$A$1:$F$2501,4,0) -> 42 | K77: =VLOOKUP(B77,'Customers (2)'!$A$1:$F$2501,5,0) -> A | L77: =VLOOKUP(B77,'Customers (2)'!$A$1:$F$2501,6,0) -> Middle | M77: =TEXT(D77,"MMMM") -> June | N77: =TEXT(D77,"dddd") -> Sunday | O77: =TEXT(D77,"HH:mm:ss") -> 01:59:00 | P77: =HOUR(D77) -> 1 | Q77: =VLOOKUP(B77,'Analysis 1.3'!$AA$1:$AF$1454,5,FALSE) -> Repeat | R77: =VLOOKUP(B77,'Analysis 1.3'!$AA$1:$AF$1454,6,FALSE) -> Lost | S77: =VLOOKUP(B77,'Analysis 1.3'!$AA$1:$AF$1454,4,FALSE) -> 210.89931
A78: 1086327 | B78: 62 | C78: USA | D78: 44939.082 | E78: App | F78: Mart¡n Sommer | G78: 4910 | H78: =VLOOKUP(B78,'Customers (2)'!$A$1:$F$2501,2,0) -> USA | I78: =VLOOKUP(B78,'Customers (2)'!$A$1:$F$2501,3,0) -> F | J78: =VLOOKUP(B78,'Customers (2)'!$A$1:$F$2501,4,0) -> 42 | K78: =VLOOKUP(B78,'Customers (2)'!$A$1:$F$2501,5,0) -> A | L78: =VLOOKUP(B78,'Customers (2)'!$A$1:$F$2501,6,0) -> Middle | M78: =TEXT(D78,"MMMM") -> January | N78: =TEXT(D78,"dddd") -> Friday | O78: =TEXT(D78,"HH:mm:ss") -> 01:58:00 | P78: =HOUR(D78) -> 1 | Q78: =VLOOKUP(B78,'Analysis 1.3'!$AA$1:$AF$1454,5,FALSE) -> Repeat | R78: =VLOOKUP(B78,'Analysis 1.3'!$AA$1:$AF$1454,6,FALSE) -> Lost | S78: =VLOOKUP(B78,'Analysis 1.3'!$AA$1:$AF$1454,4,FALSE) -> 210.89931
A79: 760774 | B79: 63 | C79: Norway | D79: 45019.007 | E79: Website | F79: Diego Freyre | G79: 2846 | H79: =VLOOKUP(B79,'Customers (2)'!$A$1:$F$2501,2,0) -> Norway | I79: =VLOOKUP(B79,'Customers (2)'!$A$1:$F$2501,3,0) -> M | J79: =VLOOKUP(B79,'Customers (2)'!$A$1:$F$2501,4,0) -> 23 | K79: =VLOOKUP(B79,'Customers (2)'!$A$1:$F$2501,5,0) -> A | L79: =VLOOKUP(B79,'Customers (2)'!$A$1:$F$2501,6,0) -> Young | M79: =TEXT(D79,"MMMM") -> April | N79: =TEXT(D79,"dddd") -> Monday | O79: =TEXT(D79,"HH:mm:ss") -> 00:10:00 | P79: =HOUR(D79) -> 0 | Q79: =VLOOKUP(B79,'Analysis 1.3'!$AA$1:$AF$1454,5,FALSE) -> Repeat | R79: =VLOOKUP(B79,'Analysis 1.3'!$AA$1:$AF$1454,6,FALSE) -> Recent | S79: =VLOOKUP(B79,'Analysis 1.3'!$AA$1:$AF$1454,4,FALSE) -> 62.043056
A80: 1615509 | B80: 63 | C80: Norway | D80: 45229.939 | E80: Other | F80: Dean Cassidy | G80: 7909 | H80: =VLOOKUP(B80,'Customers (2)'!$A$1:$F$2501,2,0) -> Norway | I80: =VLOOKUP(B80,'Customers (2)'!$A$1:$F$2501,3,0) -> M | J80: =VLOOKUP(B80,'Customers (2)'!$A$1:$F$2501,4,0) -> 23 | K80: =VLOOKUP(B80,'Customers (2)'!$A$1:$F$2501,5,0) -> A | L80: =VLOOKUP(B80,'Customers (2)'!$A$1:$F$2501,6,0) -> Young | M80: =TEXT(D80,"MMMM") -> October | N80: =TEXT(D80,"dddd") -> Monday | O80: =TEXT(D80,"HH:mm:ss") -> 22:32:00 | P80: =HOUR(D80) -> 22 | Q80: =VLOOKUP(B80,'Analysis 1.3'!$AA$1:$AF$1454,5,FALSE) -> Repeat | R80: =VLOOKUP(B80,'Analysis 1.3'!$AA$1:$AF$1454,6,FALSE) -> Recent | S80: =VLOOKUP(B80,'Analysis 1.3'!$AA$1:$AF$1454,4,FALSE) -> 62.043056
A81: 1289179 | B81: 65 | C81: Spain | D81: 44961.044 | E81: Website | F81: Julie King | G81: 2409 | H81: =VLOOKUP(B81,'Customers (2)'!$A$1:$F$2501,2,0) -> Spain | I81: =VLOOKUP(B81,'Customers (2)'!$A$1:$F$2501,3,0) -> F | J81: =VLOOKUP(B81,'Customers (2)'!$A$1:$F$2501,4,0) -> 37 | K81: =VLOOKUP(B81,'Customers (2)'!$A$1:$F$2501,5,0) -> A | L81: =VLOOKUP(B81,'Customers (2)'!$A$1:$F$2501,6,0) -> Middle | M81: =TEXT(D81,"MMMM") -> February | N81: =TEXT(D81,"dddd") -> Saturday | O81: =TEXT(D81,"HH:mm:ss") -> 01:04:00 | P81: =HOUR(D81) -> 1 | Q81: =VLOOKUP(B81,'Analysis 1.3'!$AA$1:$AF$1454,5,FALSE) -> One time | R81: =VLOOKUP(B81,'Analysis 1.3'!$AA$1:$AF$1454,6,FALSE) -> Lost | S81: =VLOOKUP(B81,'Analysis 1.3'!$AA$1:$AF$1454,4,FALSE) -> 330.9375
A82: 457087 | B82: 66 | C82: Australia | D82: 44979.971 | E82: Website | F82: Matti Karttunen | G82: 1838 | H82: =VLOOKUP(B82,'Customers (2)'!$A$1:$F$2501,2,0) -> Australia | I82: =VLOOKUP(B82,'Customers (2)'!$A$1:$F$2501,3,0) -> M | J82: =VLOOKUP(B82,'Customers (2)'!$A$1:$F$2501,4,0) -> 30 | K82: =VLOOKUP(B82,'Customers (2)'!$A$1:$F$2501,5,0) -> A | L82: =VLOOKUP(B82,'Customers (2)'!$A$1:$F$2501,6,0) -> Young | M82: =TEXT(D82,"MMMM") -> February | N82: =TEXT(D82,"dddd") -> Wednesday | O82: =TEXT(D82,"HH:mm:ss") -> 23:18:00 | P82: =HOUR(D82) -> 23 | Q82: =VLOOKUP(B82,'Analysis 1.3'!$AA$1:$AF$1454,5,FALSE) -> Repeat | R82: =VLOOKUP(B82,'Analysis 1.3'!$AA$1:$AF$1454,6,FALSE) -> Lost | S82: =VLOOKUP(B82,'Analysis 1.3'!$AA$1:$AF$1454,4,FALSE) -> 250.93542
... A99: 734468 | B99: 83 | C99: Italy | D99: 44972.038 | E99: Website | F99: Kwai Yu | G99: 5705 | H99: =VLOOKUP(B99,'Customers (2)'!$A$1:$F$2501,2,0) -> Italy | I99: =VLOOKUP(B99,'Customers (2)'!$A$1:$F$2501,3,0) -> F | J99: =VLOOKUP(B99,'Customers (2)'!$A$1:$F$2501,4,0) -> 31 | K99: =VLOOKUP(B99,'Customers (2)'!$A$1:$F$2501,5,0) -> A | L99: =VLOOKUP(B99,'Customers (2)'!$A$1:$F$2501,6,0) -> Young | M99: =TEXT(D99,"MMMM") -> February | N99: =TEXT(D99,"dddd") -> Wednesday | O99: =TEXT(D99,"HH:mm:ss") -> 00:55:00 | P99: =HOUR(D99) -> 0 | Q99: =VLOOKUP(B99,'Analysis 1.3'!$AA$1:$AF$1454,5,FALSE) -> One time | R99: =VLOOKUP(B99,'Analysis 1.3'!$AA$1:$AF$1454,6,FALSE) -> Lost | S99: =VLOOKUP(B99,'Analysis 1.3'!$AA$1:$AF$1454,4,FALSE) -> 319.94375
A100: 504938 | B100: 84 | C100: USA | D100: 45117.983 | F100: Christina Berglund | G100: 6541 | H100: =VLOOKUP(B100,'Customers (2)'!$A$1:$F$2501,2,0) -> USA | I100: =VLOOKUP(B100,'Customers (2)'!$A$1:$F$2501,3,0) -> M | J100: =VLOOKUP(B100,'Customers (2)'!$A$1:$F$2501,4,0) -> 85 | K100: =VLOOKUP(B100,'Customers (2)'!$A$1:$F$2501,5,0) -> A | L100: =VLOOKUP(B100,'Customers (2)'!$A$1:$F$2501,6,0) -> Senior | M100: =TEXT(D100,"MMMM") -> July | N100: =TEXT(D100,"dddd") -> Monday | O100: =TEXT(D100,"HH:mm:ss") -> 23:36:00 | P100: =HOUR(D100) -> 23 | Q100: =VLOOKUP(B100,'Analysis 1.3'!$AA$1:$AF$1454,5,FALSE) -> One time | R100: =VLOOKUP(B100,'Analysis 1.3'!$AA$1:$AF$1454,6,FALSE) -> Passive | S100: =VLOOKUP(B100,'Analysis 1.3'!$AA$1:$AF$1454,4,FALSE) -> 173.99861
A101: 1459990 | B101: 85 | C101: Italy | D101: 45098.98 | E101: Website | F101: Pirkko Koskitalo | G101: 1384 | H101: =VLOOKUP(B101,'Customers (2)'!$A$1:$F$2501,2,0) -> Italy | I101: =VLOOKUP(B101,'Customers (2)'!$A$1:$F$2501,3,0) -> M | J101: =VLOOKUP(B101,'Customers (2)'!$A$1:$F$2501,4,0) -> 20 | K101: =VLOOKUP(B101,'Customers (2)'!$A$1:$F$2501,5,0) -> A | L101: =VLOOKUP(B101,'Customers (2)'!$A$1:$F$2501,6,0) -> Young | M101: =TEXT(D101,"MMMM") -> June | N101: =TEXT(D101,"dddd") -> Wednesday | O101: =TEXT(D101,"HH:mm:ss") -> 23:31:00 | P101: =HOUR(D101) -> 23 | Q101: =VLOOKUP(B101,'Analysis 1.3'!$AA$1:$AF$1454,5,FALSE) -> One time | R101: =VLOOKUP(B101,'Analysis 1.3'!$AA$1:$AF$1454,6,FALSE) -> Lost | S101: =VLOOKUP(B101,'Analysis 1.3'!$AA$1:$AF$1454,4,FALSE) -> 193.00208
A102: 1127154 | B102: 87 | C102: India | D102: 45086.003 | E102: Other | F102: Victoria Ashworth | G102: 9219 | H102: =VLOOKUP(B102,'Customers (2)'!$A$1:$F$2501,2,0) -> India | I102: =VLOOKUP(B102,'Customers (2)'!$A$1:$F$2501,3,0) -> M | J102: =VLOOKUP(B102,'Customers (2)'!$A$1:$F$2501,4,0) -> 62 | K102: =VLOOKUP(B102,'Customers (2)'!$A$1:$F$2501,5,0) -> A | L102: =VLOOKUP(B102,'Customers (2)'!$A$1:$F$2501,6,0) -> Senior | M102: =TEXT(D102,"MMMM") -> June | N102: =TEXT(D102,"dddd") -> Friday | O102: =TEXT(D102,"HH:mm:ss") -> 00:04:00 | P102: =HOUR(D102) -> 0 | Q102: =VLOOKUP(B102,'Analysis 1.3'!$AA$1:$AF$1454,5,FALSE) -> Repeat | R102: =VLOOKUP(B102,'Analysis 1.3'!$AA$1:$AF$1454,6,FALSE) -> Lost | S102: =VLOOKUP(B102,'Analysis 1.3'!$AA$1:$AF$1454,4,FALSE) -> 205.97917
A103: 1257018 | B103: 87 | C103: India | D103: 44961.062 | E103: App | F103: Maurizio Moroni | G103: 8149 | H103: =VLOOKUP(B103,'Customers (2)'!$A$1:$F$2501,2,0) -> India | I103: =VLOOKUP(B103,'Customers (2)'!$A$1:$F$2501,3,0) -> M | J103: =VLOOKUP(B103,'Customers (2)'!$A$1:$F$2501,4,0) -> 62 | K103: =VLOOKUP(B103,'Customers (2)'!$A$1:$F$2501,5,0) -> A | L103: =VLOOKUP(B103,'Customers (2)'!$A$1:$F$2501,6,0) -> Senior | M103: =TEXT(D103,"MMMM") -> February | N103: =TEXT(D103,"dddd") -> Saturday | O103: =TEXT(D103,"HH:mm:ss") -> 01:30:00 | P103: =HOUR(D103) -> 1 | Q103: =VLOOKUP(B103,'Analysis 1.3'!$AA$1:$AF$1454,5,FALSE) -> Repeat | R103: =VLOOKUP(B103,'Analysis 1.3'!$AA$1:$AF$1454,6,FALSE) -> Lost | S103: =VLOOKUP(B103,'Analysis 1.3'!$AA$1:$AF$1454,4,FALSE) -> 205.97917
A104: 1465193 | B104: 87 | C104: India | D104: 45041.021 | E104: Website | F104: Wendy Victorino | G104: 7107 | H104: =VLOOKUP(B104,'Customers (2)'!$A$1:$F$2501,2,0) -> India | I104: =VLOOKUP(B104,'Customers (2)'!$A$1:$F$2501,3,0) -> M | J104: =VLOOKUP(B104,'Customers (2)'!$A$1:$F$2501,4,0) -> 62 | K104: =VLOOKUP(B104,'Customers (2)'!$A$1:$F$2501,5,0) -> A | L104: =VLOOKUP(B104,'Customers (2)'!$A$1:$F$2501,6,0) -> Senior | M104: =TEXT(D104,"MMMM") -> April | N104: =TEXT(D104,"dddd") -> Tuesday | O104: =TEXT(D104,"HH:mm:ss") -> 00:30:00 | P104: =HOUR(D104) -> 0 | Q104: =VLOOKUP(B104,'Analysis 1.3'!$AA$1:$AF$1454,5,FALSE) -> Repeat | R104: =VLOOKUP(B104,'Analysis 1.3'!$AA$1:$AF$1454,6,FALSE) -> Lost | S104: =VLOOKUP(B104,'Analysis 1.3'!$AA$1:$AF$1454,4,FALSE) -> 205.97917
A105: 72556 | B105: 89 | C105: Italy | D105: 45120.092 | E105: Website | F105: Ann Brown | G105: 427 | H105: =VLOOKUP(B105,'Customers (2)'!$A$1:$F$2501,2,0) -> Italy | I105: =VLOOKUP(B105,'Customers (2)'!$A$1:$F$2501,3,0) -> M | J105: =VLOOKUP(B105,'Customers (2)'!$A$1:$F$2501,4,0) -> 33 | K105: =VLOOKUP(B105,'Customers (2)'!$A$1:$F$2501,5,0) -> A | L105: =VLOOKUP(B105,'Customers (2)'!$A$1:$F$2501,6,0) -> Young | M105: =TEXT(D105,"MMMM") -> July | N105: =TEXT(D105,"dddd") -> Thursday | O105: =TEXT(D105,"HH:mm:ss") -> 02:12:00 | P105: =HOUR(D105) -> 2 | Q105: =VLOOKUP(B105,'Analysis 1.3'!$AA$1:$AF$1454,5,FALSE) -> Repeat | R105: =VLOOKUP(B105,'Analysis 1.3'!$AA$1:$AF$1454,6,FALSE) -> Passive | S105: =VLOOKUP(B105,'Analysis 1.3'!$AA$1:$AF$1454,4,FALSE) -> 102.92917
A106: 1665934 | B106: 89 | C106: Italy | D106: 45189.053 | E106: Other | F106: Eduardo Saavedra | G106: 4910 | H106: =VLOOKUP(B106,'Customers (2)'!$A$1:$F$2501,2,0) -> Italy | I106: =VLOOKUP(B106,'Customers (2)'!$A$1:$F$2501,3,0) -> M | J106: =VLOOKUP(B106,'Customers (2)'!$A$1:$F$2501,4,0) -> 33 | K106: =VLOOKUP(B106,'Customers (2)'!$A$1:$F$2501,5,0) -> A | L106: =VLOOKUP(B106,'Customers (2)'!$A$1:$F$2501,6,0) -> Young | M106: =TEXT(D106,"MMMM") -> September | N106: =TEXT(D106,"dddd") -> Wednesday | O106: =TEXT(D106,"HH:mm:ss") -> 01:16:00 | P106: =HOUR(D106) -> 1 | Q106: =VLOOKUP(B106,'Analysis 1.3'!$AA$1:$AF$1454,5,FALSE) -> Repeat | R106: =VLOOKUP(B106,'Analysis 1.3'!$AA$1:$AF$1454,6,FALSE) -> Passive | S106: =VLOOKUP(B106,'Analysis 1.3'!$AA$1:$AF$1454,4,FALSE) -> 102.92917
A107: 845718 | B107: 90 | C107: USA | D107: 44972.959 | E107: Other | F107: Valarie Young | G107: 1208 | H107: =VLOOKUP(B107,'Customers (2)'!$A$1:$F$2501,2,0) -> USA | I107: =VLOOKUP(B107,'Customers (2)'!$A$1:$F$2501,3,0) -> F | J107: =VLOOKUP(B107,'Customers (2)'!$A$1:$F$2501,4,0) -> 48 | K107: =VLOOKUP(B107,'Customers (2)'!$A$1:$F$2501,5,0) -> A | L107: =VLOOKUP(B107,'Customers (2)'!$A$1:$F$2501,6,0) -> Middle | M107: =TEXT(D107,"MMMM") -> February | N107: =TEXT(D107,"dddd") -> Wednesday | O107: =TEXT(D107,"HH:mm:ss") -> 23:01:00 | P107: =HOUR(D107) -> 23 | Q107: =VLOOKUP(B107,'Analysis 1.3'!$AA$1:$AF$1454,5,FALSE) -> Repeat | R107: =VLOOKUP(B107,'Analysis 1.3'!$AA$1:$AF$1454,6,FALSE) -> Passive | S107: =VLOOKUP(B107,'Analysis 1.3'!$AA$1:$AF$1454,4,FALSE) -> 151.00972
A108: 1548735 | B108: 90 | C108: USA | D108: 45140.972 | E108: Whatsapp | F108: Maria Larsson | G108: 1069 | H108: =VLOOKUP(B108,'Customers (2)'!$A$1:$F$2501,2,0) -> USA | I108: =VLOOKUP(B108,'Customers (2)'!$A$1:$F$2501,3,0) -> F | J108: =VLOOKUP(B108,'Customers (2)'!$A$1:$F$2501,4,0) -> 48 | K108: =VLOOKUP(B108,'Customers (2)'!$A$1:$F$2501,5,0) -> A | L108: =VLOOKUP(B108,'Customers (2)'!$A$1:$F$2501,6,0) -> Middle | M108: =TEXT(D108,"MMMM") -> August | N108: =TEXT(D108,"dddd") -> Wednesday | O108: =TEXT(D108,"HH:mm:ss") -> 23:20:00 | P108: =HOUR(D108) -> 23 | Q108: =VLOOKUP(B108,'Analysis 1.3'!$AA$1:$AF$1454,5,FALSE) -> Repeat | R108: =VLOOKUP(B108,'Analysis 1.3'!$AA$1:$AF$1454,6,FALSE) -> Passive | S108: =VLOOKUP(B108,'Analysis 1.3'!$AA$1:$AF$1454,4,FALSE) -> 151.00972
A109: 287761 | B109: 91 | C109: Spain | D109: 45053.055 | E109: App | F109: Diego Freyre | G109: 3891 | H109: =VLOOKUP(B109,'Customers (2)'!$A$1:$F$2501,2,0) -> Spain | I109: =VLOOKUP(B109,'Customers (2)'!$A$1:$F$2501,3,0) -> M | J109: =VLOOKUP(B109,'Customers (2)'!$A$1:$F$2501,4,0) -> 61 | K109: =VLOOKUP(B109,'Customers (2)'!$A$1:$F$2501,5,0) -> A | L109: =VLOOKUP(B109,'Customers (2)'!$A$1:$F$2501,6,0) -> Senior | M109: =TEXT(D109,"MMMM") -> May | N109: =TEXT(D109,"dddd") -> Sunday | O109: =TEXT(D109,"HH:mm:ss") -> 01:19:00 | P109: =HOUR(D109) -> 1 | Q109: =VLOOKUP(B109,'Analysis 1.3'!$AA$1:$AF$1454,5,FALSE) -> Repeat | R109: =VLOOKUP(B109,'Analysis 1.3'!$AA$1:$AF$1454,6,FALSE) -> Recent | S109: =VLOOKUP(B109,'Analysis 1.3'!$AA$1:$AF$1454,4,FALSE) -> 34.022222
A110: 946580 | B110: 91 | C110: Spain | D110: 45257.96 | E110: App | F110: Valarie Young | G110: 8726 | H110: =VLOOKUP(B110,'Customers (2)'!$A$1:$F$2501,2,0) -> Spain | I110: =VLOOKUP(B110,'Customers (2)'!$A$1:$F$2501,3,0) -> M | J110: =VLOOKUP(B110,'Customers (2)'!$A$1:$F$2501,4,0) -> 61 | K110: =VLOOKUP(B110,'Customers (2)'!$A$1:$F$2501,5,0) -> A | L110: =VLOOKUP(B110,'Customers (2)'!$A$1:$F$2501,6,0) -> Senior | M110: =TEXT(D110,"MMMM") -> November | N110: =TEXT(D110,"dddd") -> Monday | O110: =TEXT(D110,"HH:mm:ss") -> 23:02:00 | P110: =HOUR(D110) -> 23 | Q110: =VLOOKUP(B110,'Analysis 1.3'!$AA$1:$AF$1454,5,FALSE) -> Repeat | R110: =VLOOKUP(B110,'Analysis 1.3'!$AA$1:$AF$1454,6,FALSE) -> Recent | S110: =VLOOKUP(B110,'Analysis 1.3'!$AA$1:$AF$1454,4,FALSE) -> 34.022222
A111: 759796 | B111: 92 | C111: Denmark | D111: 45227.007 | E111: Other | F111: Henriette Pfalzheim | G111: 545 | H111: =VLOOKUP(B111,'Customers (2)'!$A$1:$F$2501,2,0) -> Denmark | I111: =VLOOKUP(B111,'Customers (2)'!$A$1:$F$2501,3,0) -> M | J111: =VLOOKUP(B111,'Customers (2)'!$A$1:$F$2501,4,0) -> 75 | K111: =VLOOKUP(B111,'Customers (2)'!$A$1:$F$2501,5,0) -> A | L111: =VLOOKUP(B111,'Customers (2)'!$A$1:$F$2501,6,0) -> Senior | M111: =TEXT(D111,"MMMM") -> October | N111: =TEXT(D111,"dddd") -> Saturday | O111: =TEXT(D111,"HH:mm:ss") -> 00:10:00 | P111: =HOUR(D111) -> 0 | Q111: =VLOOKUP(B111,'Analysis 1.3'!$AA$1:$AF$1454,5,FALSE) -> One time | R111: =VLOOKUP(B111,'Analysis 1.3'!$AA$1:$AF$1454,6,FALSE) -> Recent | S111: =VLOOKUP(B111,'Analysis 1.3'!$AA$1:$AF$1454,4,FALSE) -> 64.975
A112: 631266 | B112: 94 | C112: Denmark | D112: 45081.014 | E112: Website | F112: Pirkko Koskitalo | G112: 985 | H112: =VLOOKUP(B112,'Customers (2)'!$A$1:$F$2501,2,0) -> Denmark | I112: =VLOOKUP(B112,'Customers (2)'!$A$1:$F$2501,3,0) -> M | J112: =VLOOKUP(B112,'Customers (2)'!$A$1:$F$2501,4,0) -> 65 | K112: =VLOOKUP(B112,'Customers (2)'!$A$1:$F$2501,5,0) -> A | L112: =VLOOKUP(B112,'Customers (2)'!$A$1:$F$2501,6,0) -> Senior | M112: =TEXT(D112,"MMMM") -> June | N112: =TEXT(D112,"dddd") -> Sunday | O112: =TEXT(D112,"HH:mm:ss") -> 00:20:00 | P112: =HOUR(D112) -> 0 | Q112: =VLOOKUP(B112,'Analysis 1.3'!$AA$1:$AF$1454,5,FALSE) -> One time | R112: =VLOOKUP(B112,'Analysis 1.3'!$AA$1:$AF$1454,6,FALSE) -> Lost | S112: =VLOOKUP(B112,'Analysis 1.3'!$AA$1:$AF$1454,4,FALSE) -> 210.96806
... A162: 730295 | B162: 134 | C162: Australia | D162: 45144.003 | E162: Whatsapp | F162: Jytte Petersen | G162: 4721 | H162: =VLOOKUP(B162,'Customers (2)'!$A$1:$F$2501,2,0) -> Australia | I162: =VLOOKUP(B162,'Customers (2)'!$A$1:$F$2501,3,0) -> M | J162: =VLOOKUP(B162,'Customers (2)'!$A$1:$F$2501,4,0) -> 82 | K162: =VLOOKUP(B162,'Customers (2)'!$A$1:$F$2501,5,0) -> A | L162: =VLOOKUP(B162,'Customers (2)'!$A$1:$F$2501,6,0) -> Senior | M162: =TEXT(D162,"MMMM") -> August | N162: =TEXT(D162,"dddd") -> Sunday | O162: =TEXT(D162,"HH:mm:ss") -> 00:04:00 | P162: =HOUR(D162) -> 0 | Q162: =VLOOKUP(B162,'Analysis 1.3'!$AA$1:$AF$1454,5,FALSE) -> One time | R162: =VLOOKUP(B162,'Analysis 1.3'!$AA$1:$AF$1454,6,FALSE) -> Passive | S162: =VLOOKUP(B162,'Analysis 1.3'!$AA$1:$AF$1454,4,FALSE) -> 147.97917
A163: 1343941 | B163: 135 | C163: Spain | D163: 45147.968 | F163: Georg Pipps | G163: 6934 | H163: =VLOOKUP(B163,'Customers (2)'!$A$1:$F$2501,2,0) -> Spain | I163: =VLOOKUP(B163,'Customers (2)'!$A$1:$F$2501,3,0) -> F | J163: =VLOOKUP(B163,'Customers (2)'!$A$1:$F$2501,4,0) -> 27 | K163: =VLOOKUP(B163,'Customers (2)'!$A$1:$F$2501,5,0) -> A | L163: =VLOOKUP(B163,'Customers (2)'!$A$1:$F$2501,6,0) -> Young | M163: =TEXT(D163,"MMMM") -> August | N163: =TEXT(D163,"dddd") -> Wednesday | O163: =TEXT(D163,"HH:mm:ss") -> 23:14:00 | P163: =HOUR(D163) -> 23 | Q163: =VLOOKUP(B163,'Analysis 1.3'!$AA$1:$AF$1454,5,FALSE) -> One time | R163: =VLOOKUP(B163,'Analysis 1.3'!$AA$1:$AF$1454,6,FALSE) -> Passive | S163: =VLOOKUP(B163,'Analysis 1.3'!$AA$1:$AF$1454,4,FALSE) -> 144.01389
A164: 1516974 | B164: 136 | C164: USA | D164: 45057.038 | E164: Other | F164: Jeff Young | G164: 1042 | H164: =VLOOKUP(B164,'Customers (2)'!$A$1:$F$2501,2,0) -> USA | I164: =VLOOKUP(B164,'Customers (2)'!$A$1:$F$2501,3,0) -> F | J164: =VLOOKUP(B164,'Customers (2)'!$A$1:$F$2501,4,0) -> 36 | K164: =VLOOKUP(B164,'Customers (2)'!$A$1:$F$2501,5,0) -> A | L164: =VLOOKUP(B164,'Customers (2)'!$A$1:$F$2501,6,0) -> Middle | M164: =TEXT(D164,"MMMM") -> May | N164: =TEXT(D164,"dddd") -> Thursday | O164: =TEXT(D164,"HH:mm:ss") -> 00:55:00 | P164: =HOUR(D164) -> 0 | Q164: =VLOOKUP(B164,'Analysis 1.3'!$AA$1:$AF$1454,5,FALSE) -> One time | R164: =VLOOKUP(B164,'Analysis 1.3'!$AA$1:$AF$1454,6,FALSE) -> Lost | S164: =VLOOKUP(B164,'Analysis 1.3'!$AA$1:$AF$1454,4,FALSE) -> 234.94375
A165: 318630 | B165: 137 | C165: India | D165: 45029.974 | E165: Whatsapp | F165: Annette Roulet | G165: 9655 | H165: =VLOOKUP(B165,'Customers (2)'!$A$1:$F$2501,2,0) -> India | I165: =VLOOKUP(B165,'Customers (2)'!$A$1:$F$2501,3,0) -> M | J165: =VLOOKUP(B165,'Customers (2)'!$A$1:$F$2501,4,0) -> 25 | K165: =VLOOKUP(B165,'Customers (2)'!$A$1:$F$2501,5,0) -> A | L165: =VLOOKUP(B165,'Customers (2)'!$A$1:$F$2501,6,0) -> Young | M165: =TEXT(D165,"MMMM") -> April | N165: =TEXT(D165,"dddd") -> Thursday | O165: =TEXT(D165,"HH:mm:ss") -> 23:22:00 | P165: =HOUR(D165) -> 23 | Q165: =VLOOKUP(B165,'Analysis 1.3'!$AA$1:$AF$1454,5,FALSE) -> Repeat | R165: =VLOOKUP(B165,'Analysis 1.3'!$AA$1:$AF$1454,6,FALSE) -> Recent | S165: =VLOOKUP(B165,'Analysis 1.3'!$AA$1:$AF$1454,4,FALSE) -> 67.958333
A166: 1147846 | B166: 137 | C166: India | D166: 45224.024 | E166: Other | F166: Ann Brown | G166: 792 | H166: =VLOOKUP(B166,'Customers (2)'!$A$1:$F$2501,2,0) -> India | I166: =VLOOKUP(B166,'Customers (2)'!$A$1:$F$2501,3,0) -> M | J166: =VLOOKUP(B166,'Customers (2)'!$A$1:$F$2501,4,0) -> 25 | K166: =VLOOKUP(B166,'Customers (2)'!$A$1:$F$2501,5,0) -> A | L166: =VLOOKUP(B166,'Customers (2)'!$A$1:$F$2501,6,0) -> Young | M166: =TEXT(D166,"MMMM") -> October | N166: =TEXT(D166,"dddd") -> Wednesday | O166: =TEXT(D166,"HH:mm:ss") -> 00:34:00 | P166: =HOUR(D166) -> 0 | Q166: =VLOOKUP(B166,'Analysis 1.3'!$AA$1:$AF$1454,5,FALSE) -> Repeat | R166: =VLOOKUP(B166,'Analysis 1.3'!$AA$1:$AF$1454,6,FALSE) -> Recent | S166: =VLOOKUP(B166,'Analysis 1.3'!$AA$1:$AF$1454,4,FALSE) -> 67.958333
A167: 280739 | B167: 138 | C167: USA | D167: 45113.984 | E167: Whatsapp | F167: Janine Labrune | G167: 2453 | H167: =VLOOKUP(B167,'Customers (2)'!$A$1:$F$2501,2,0) -> USA | I167: =VLOOKUP(B167,'Customers (2)'!$A$1:$F$2501,3,0) -> F | J167: =VLOOKUP(B167,'Customers (2)'!$A$1:$F$2501,4,0) -> 27 | K167: =VLOOKUP(B167,'Customers (2)'!$A$1:$F$2501,5,0) -> A | L167: =VLOOKUP(B167,'Customers (2)'!$A$1:$F$2501,6,0) -> Young | M167: =TEXT(D167,"MMMM") -> July | N167: =TEXT(D167,"dddd") -> Thursday | O167: =TEXT(D167,"HH:mm:ss") -> 23:37:00 | P167: =HOUR(D167) -> 23 | Q167: =VLOOKUP(B167,'Analysis 1.3'!$AA$1:$AF$1454,5,FALSE) -> One time | R167: =VLOOKUP(B167,'Analysis 1.3'!$AA$1:$AF$1454,6,FALSE) -> Passive | S167: =VLOOKUP(B167,'Analysis 1.3'!$AA$1:$AF$1454,4,FALSE) -> 177.99792
A168: 114309 | B168: 139 | C168: USA | D168: 45102.071 | E168: Other | F168: Maurizio Moroni | G168: 5868 | H168: =VLOOKUP(B168,'Customers (2)'!$A$1:$F$2501,2,0) -> USA | I168: =VLOOKUP(B168,'Customers (2)'!$A$1:$F$2501,3,0) -> F | J168: =VLOOKUP(B168,'Customers (2)'!$A$1:$F$2501,4,0) -> 75 | K168: =VLOOKUP(B168,'Customers (2)'!$A$1:$F$2501,5,0) -> A | L168: =VLOOKUP(B168,'Customers (2)'!$A$1:$F$2501,6,0) -> Senior | M168: =TEXT(D168,"MMMM") -> June | N168: =TEXT(D168,"dddd") -> Sunday | O168: =TEXT(D168,"HH:mm:ss") -> 01:42:00 | P168: =HOUR(D168) -> 1 | Q168: =VLOOKUP(B168,'Analysis 1.3'!$AA$1:$AF$1454,5,FALSE) -> Repeat | R168: =VLOOKUP(B168,'Analysis 1.3'!$AA$1:$AF$1454,6,FALSE) -> Passive | S168: =VLOOKUP(B168,'Analysis 1.3'!$AA$1:$AF$1454,4,FALSE) -> 125.02222
A169: 1471380 | B169: 139 | C169: USA | D169: 45166.96 | E169: Other | F169: Diego Freyre | G169: 2139 | H169: =VLOOKUP(B169,'Customers (2)'!$A$1:$F$2501,2,0) -> USA | I169: =VLOOKUP(B169,'Customers (2)'!$A$1:$F$2501,3,0) -> F | J169: =VLOOKUP(B169,'Customers (2)'!$A$1:$F$2501,4,0) -> 75 | K169: =VLOOKUP(B169,'Customers (2)'!$A$1:$F$2501,5,0) -> A | L169: =VLOOKUP(B169,'Customers (2)'!$A$1:$F$2501,6,0) -> Senior | M169: =TEXT(D169,"MMMM") -> August | N169: =TEXT(D169,"dddd") -> Monday | O169: =TEXT(D169,"HH:mm:ss") -> 23:02:00 | P169: =HOUR(D169) -> 23 | Q169: =VLOOKUP(B169,'Analysis 1.3'!$AA$1:$AF$1454,5,FALSE) -> Repeat | R169: =VLOOKUP(B169,'Analysis 1.3'!$AA$1:$AF$1454,6,FALSE) -> Passive | S169: =VLOOKUP(B169,'Analysis 1.3'!$AA$1:$AF$1454,4,FALSE) -> 125.02222
A170: 131508 | B170: 140 | C170: USA | D170: 44968.035 | E170: Website | F170: Leslie Murphy | G170: 2656 | H170: =VLOOKUP(B170,'Customers (2)'!$A$1:$F$2501,2,0) -> USA | I170: =VLOOKUP(B170,'Customers (2)'!$A$1:$F$2501,3,0) -> M | J170: =VLOOKUP(B170,'Customers (2)'!$A$1:$F$2501,4,0) -> 58 | K170: =VLOOKUP(B170,'Customers (2)'!$A$1:$F$2501,5,0) -> A | L170: =VLOOKUP(B170,'Customers (2)'!$A$1:$F$2501,6,0) -> Middle | M170: =TEXT(D170,"MMMM") -> February | N170: =TEXT(D170,"dddd") -> Saturday | O170: =TEXT(D170,"HH:mm:ss") -> 00:50:00 | P170: =HOUR(D170) -> 0 | Q170: =VLOOKUP(B170,'Analysis 1.3'!$AA$1:$AF$1454,5,FALSE) -> One time | R170: =VLOOKUP(B170,'Analysis 1.3'!$AA$1:$AF$1454,6,FALSE) -> Lost | S170: =VLOOKUP(B170,'Analysis 1.3'!$AA$1:$AF$1454,4,FALSE) -> 323.94722
A171: 85703 | B171: 142 | C171: India | D171: 44931.991 | E171: App | F171: Jonas Bergulfsen | G171: 3427 | H171: =VLOOKUP(B171,'Customers (2)'!$A$1:$F$2501,2,0) -> India | I171: =VLOOKUP(B171,'Customers (2)'!$A$1:$F$2501,3,0) -> M | J171: =VLOOKUP(B171,'Customers (2)'!$A$1:$F$2501,4,0) -> 77 | K171: =VLOOKUP(B171,'Customers (2)'!$A$1:$F$2501,5,0) -> A | L171: =VLOOKUP(B171,'Customers (2)'!$A$1:$F$2501,6,0) -> Senior | M171: =TEXT(D171,"MMMM") -> January | N171: =TEXT(D171,"dddd") -> Thursday | O171: =TEXT(D171,"HH:mm:ss") -> 23:47:00 | P171: =HOUR(D171) -> 23 | Q171: =VLOOKUP(B171,'Analysis 1.3'!$AA$1:$AF$1454,5,FALSE) -> One time | R171: =VLOOKUP(B171,'Analysis 1.3'!$AA$1:$AF$1454,6,FALSE) -> Lost | S171: =VLOOKUP(B171,'Analysis 1.3'!$AA$1:$AF$1454,4,FALSE) -> 359.99097
A172: 1337570 | B172: 143 | C172: USA | D172: 44963.965 | E172: Whatsapp | F172: Violeta Benitez | G172: 518 | H172: =VLOOKUP(B172,'Customers (2)'!$A$1:$F$2501,2,0) -> USA | I172: =VLOOKUP(B172,'Customers (2)'!$A$1:$F$2501,3,0) -> M | J172: =VLOOKUP(B172,'Customers (2)'!$A$1:$F$2501,4,0) -> 46 | K172: =VLOOKUP(B172,'Customers (2)'!$A$1:$F$2501,5,0) -> A | L172: =VLOOKUP(B172,'Customers (2)'!$A$1:$F$2501,6,0) -> Middle | M172: =TEXT(D172,"MMMM") -> February | N172: =TEXT(D172,"dddd") -> Monday | O172: =TEXT(D172,"HH:mm:ss") -> 23:10:00 | P172: =HOUR(D172) -> 23 | Q172: =VLOOKUP(B172,'Analysis 1.3'!$AA$1:$AF$1454,5,FALSE) -> Repeat | R172: =VLOOKUP(B172,'Analysis 1.3'!$AA$1:$AF$1454,6,FALSE) -> Recent | S172: =VLOOKUP(B172,'Analysis 1.3'!$AA$1:$AF$1454,4,FALSE) -> 64.970139
A173: 1642122 | B173: 143 | C173: USA | D173: 45227.012 | E173: App | F173: Palle Ibsen | G173: 819 | H173: =VLOOKUP(B173,'Customers (2)'!$A$1:$F$2501,2,0) -> USA | I173: =VLOOKUP(B173,'Customers (2)'!$A$1:$F$2501,3,0) -> M | J173: =VLOOKUP(B173,'Customers (2)'!$A$1:$F$2501,4,0) -> 46 | K173: =VLOOKUP(B173,'Customers (2)'!$A$1:$F$2501,5,0) -> A | L173: =VLOOKUP(B173,'Customers (2)'!$A$1:$F$2501,6,0) -> Middle | M173: =TEXT(D173,"MMMM") -> October | N173: =TEXT(D173,"dddd") -> Saturday | O173: =TEXT(D173,"HH:mm:ss") -> 00:17:00 | P173: =HOUR(D173) -> 0 | Q173: =VLOOKUP(B173,'Analysis 1.3'!$AA$1:$AF$1454,5,FALSE) -> Repeat | R173: =VLOOKUP(B173,'Analysis 1.3'!$AA$1:$AF$1454,6,FALSE) -> Recent | S173: =VLOOKUP(B173,'Analysis 1.3'!$AA$1:$AF$1454,4,FALSE) -> 64.970139
A174: 1089032 | B174: 144 | C174: Denmark | D174: 45085.023 | E174: Other | F174: Jose Pedro Roel | G174: 9067 | H174: =VLOOKUP(B174,'Customers (2)'!$A$1:$F$2501,2,0) -> Denmark | I174: =VLOOKUP(B174,'Customers (2)'!$A$1:$F$2501,3,0) -> M | J174: =VLOOKUP(B174,'Customers (2)'!$A$1:$F$2501,4,0) -> 27 | K174: =VLOOKUP(B174,'Customers (2)'!$A$1:$F$2501,5,0) -> A | L174: =VLOOKUP(B174,'Customers (2)'!$A$1:$F$2501,6,0) -> Young | M174: =TEXT(D174,"MMMM") -> June | N174: =TEXT(D174,"dddd") -> Thursday | O174: =TEXT(D174,"HH:mm:ss") -> 00:33:00 | P174: =HOUR(D174) -> 0 | Q174: =VLOOKUP(B174,'Analysis 1.3'!$AA$1:$AF$1454,5,FALSE) -> Repeat | R174: =VLOOKUP(B174,'Analysis 1.3'!$AA$1:$AF$1454,6,FALSE) -> Lost | S174: =VLOOKUP(B174,'Analysis 1.3'!$AA$1:$AF$1454,4,FALSE) -> 206.95903
A175: 1358679 | B175: 144 | C175: Denmark | D175: 45011.042 | E175: Website | F175: Ann Brown | G175: 3276 | H175: =VLOOKUP(B175,'Customers (2)'!$A$1:$F$2501,2,0) -> Denmark | I175: =VLOOKUP(B175,'Customers (2)'!$A$1:$F$2501,3,0) -> M | J175: =VLOOKUP(B175,'Customers (2)'!$A$1:$F$2501,4,0) -> 27 | K175: =VLOOKUP(B175,'Customers (2)'!$A$1:$F$2501,5,0) -> A | L175: =VLOOKUP(B175,'Customers (2)'!$A$1:$F$2501,6,0) -> Young | M175: =TEXT(D175,"MMMM") -> March | N175: =TEXT(D175,"dddd") -> Sunday | O175: =TEXT(D175,"HH:mm:ss") -> 01:01:00 | P175: =HOUR(D175) -> 1 | Q175: =VLOOKUP(B175,'Analysis 1.3'!$AA$1:$AF$1454,5,FALSE) -> Repeat | R175: =VLOOKUP(B175,'Analysis 1.3'!$AA$1:$AF$1454,6,FALSE) -> Lost | S175: =VLOOKUP(B175,'Analysis 1.3'!$AA$1:$AF$1454,4,FALSE) -> 206.95903
... A187: 701802 | B187: 151 | C187: Germany | D187: 45020.05 | E187: Other | F187: Frederique Citeaux | G187: 927 | H187: =VLOOKUP(B187,'Customers (2)'!$A$1:$F$2501,2,0) -> Germany | I187: =VLOOKUP(B187,'Customers (2)'!$A$1:$F$2501,3,0) -> M | J187: =VLOOKUP(B187,'Customers (2)'!$A$1:$F$2501,4,0) -> 76 | K187: =VLOOKUP(B187,'Customers (2)'!$A$1:$F$2501,5,0) -> A | L187: =VLOOKUP(B187,'Customers (2)'!$A$1:$F$2501,6,0) -> Senior | M187: =TEXT(D187,"MMMM") -> April | N187: =TEXT(D187,"dddd") -> Tuesday | O187: =TEXT(D187,"HH:mm:ss") -> 01:12:00 | P187: =HOUR(D187) -> 1 | Q187: =VLOOKUP(B187,'Analysis 1.3'!$AA$1:$AF$1454,5,FALSE) -> One time | R187: =VLOOKUP(B187,'Analysis 1.3'!$AA$1:$AF$1454,6,FALSE) -> Lost | S187: =VLOOKUP(B187,'Analysis 1.3'!$AA$1:$AF$1454,4,FALSE) -> 271.93194
A188: 238602 | B188: 153 | C188: USA | D188: 45017.05 | F188: Jonas Bergulfsen | G188: 951 | H188: =VLOOKUP(B188,'Customers (2)'!$A$1:$F$2501,2,0) -> USA | I188: =VLOOKUP(B188,'Customers (2)'!$A$1:$F$2501,3,0) -> M | J188: =VLOOKUP(B188,'Customers (2)'!$A$1:$F$2501,4,0) -> 19 | K188: =VLOOKUP(B188,'Customers (2)'!$A$1:$F$2501,5,0) -> A | L188: =VLOOKUP(B188,'Customers (2)'!$A$1:$F$2501,6,0) -> Young | M188: =TEXT(D188,"MMMM") -> April | N188: =TEXT(D188,"dddd") -> Saturday | O188: =TEXT(D188,"HH:mm:ss") -> 01:12:00 | P188: =HOUR(D188) -> 1 | Q188: =VLOOKUP(B188,'Analysis 1.3'!$AA$1:$AF$1454,5,FALSE) -> One time | R188: =VLOOKUP(B188,'Analysis 1.3'!$AA$1:$AF$1454,6,FALSE) -> Lost | S188: =VLOOKUP(B188,'Analysis 1.3'!$AA$1:$AF$1454,4,FALSE) -> 274.93194
A189: 402508 | B189: 155 | C189: India | D189: 45219.069 | E189: Website | F189: Ann Brown | G189: 8064 | H189: =VLOOKUP(B189,'Customers (2)'!$A$1:$F$2501,2,0) -> India | I189: =VLOOKUP(B189,'Customers (2)'!$A$1:$F$2501,3,0) -> M | J189: =VLOOKUP(B189,'Customers (2)'!$A$1:$F$2501,4,0) -> 56 | K189: =VLOOKUP(B189,'Customers (2)'!$A$1:$F$2501,5,0) -> A | L189: =VLOOKUP(B189,'Customers (2)'!$A$1:$F$2501,6,0) -> Middle | M189: =TEXT(D189,"MMMM") -> October | N189: =TEXT(D189,"dddd") -> Friday | O189: =TEXT(D189,"HH:mm:ss") -> 01:40:00 | P189: =HOUR(D189) -> 1 | Q189: =VLOOKUP(B189,'Analysis 1.3'!$AA$1:$AF$1454,5,FALSE) -> One time | R189: =VLOOKUP(B189,'Analysis 1.3'!$AA$1:$AF$1454,6,FALSE) -> Recent | S189: =VLOOKUP(B189,'Analysis 1.3'!$AA$1:$AF$1454,4,FALSE) -> 72.9125
...

Sheet Customers (2)
A1: Customer ID | B1: Customer Country | C1: Gender | D1: Age | E1: Category | F1: Age_group | G1: Average Age by country | J1: =AVERAGE(D2:D2501) -> 53.9684
A2: 1 | B2: France | C2: M | D2: 31 | E2: A | F2: =_xlfn.IFS(D2>=60, "Senior", D2<35, "Young", D2<60, "Middle") -> Young | G2: =VLOOKUP(B2,'Analysis 1.3'!$E$1:$F$15,2,FALSE) -> 54.003086 | M2: Age | N2: 18-90 | O2: 8 Missing Values
A3: 2 | B3: Spain | C3: M | D3: 49 | E3: A | F3: =_xlfn.IFS(D3>=60, "Senior", D3<35, "Young", D3<60, "Middle") -> Middle | G3: =VLOOKUP(B3,'Analysis 1.3'!$E$1:$F$15,2,FALSE) -> 48.434944 | H3: Catageory | M3: Countries | N3: 14
A4: 3 | B4: USA | C4: M | D4: 39 | E4: A | F4: =_xlfn.IFS(D4>=60, "Senior", D4<35, "Young", D4<60, "Middle") -> Middle | G4: =VLOOKUP(B4,'Analysis 1.3'!$E$1:$F$15,2,FALSE) -> 54.707207 | I4: A | J4: =COUNTIF($E$1:$E$2501,$I4) -> 500 | M4: Gender | N4: M & F
A5: 4 | B5: Australia | C5: M | D5: 54 | E5: A | F5: =_xlfn.IFS(D5>=60, "Senior", D5<35, "Young", D5<60, "Middle") -> Middle | G5: =VLOOKUP(B5,'Analysis 1.3'!$E$1:$F$15,2,FALSE) -> 52.833333 | I5: B | J5: =COUNTIF($E$1:$E$2501,$I5) -> 500 | M5: Category | N5: A,B,C,D,E
A6: 5 | B6: Denmark | C6: M | D6: 81 | E6: A | F6: =_xlfn.IFS(D6>=60, "Senior", D6<35, "Young", D6<60, "Middle") -> Senior | G6: =VLOOKUP(B6,'Analysis 1.3'!$E$1:$F$15,2,FALSE) -> 53.469697 | I6: C | J6: =COUNTIF($E$1:$E$2501,$I6) -> 500
A7: 6 | B7: USA | C7: F | D7: 62 | E7: A | F7: =_xlfn.IFS(D7>=60, "Senior", D7<35, "Young", D7<60, "Middle") -> Senior | G7: =VLOOKUP(B7,'Analysis 1.3'!$E$1:$F$15,2,FALSE) -> 54.707207 | I7: D | J7: =COUNTIF($E$1:$E$2501,$I7) -> 500
A8: 7 | B8: Singapore | C8: M | D8: 76 | E8: A | F8: =_xlfn.IFS(D8>=60, "Senior", D8<35, "Young", D8<60, "Middle") -> Senior | G8: =VLOOKUP(B8,'Analysis 1.3'!$E$1:$F$15,2,FALSE) -> 53.742268 | I8: E | J8: =COUNTIF($E$1:$E$2501,$I8) -> 500 | M8: young | N8: <30
A9: 8 | B9: France | C9: F | D9: 70 | E9: A | F9: =_xlfn.IFS(D9>=60, "Senior", D9<35, "Young", D9<60, "Middle") -> Senior | G9: =VLOOKUP(B9,'Analysis 1.3'!$E$1:$F$15,2,FALSE) -> 54.003086 | M9: middle | N9: <60
A10: 9 | B10: France | C10: F | D10: 75 | E10: A | F10: =_xlfn.IFS(D10>=60, "Senior", D10<35, "Young", D10<60, "Middle") -> Senior | G10: =VLOOKUP(B10,'Analysis 1.3'!$E$1:$F$15,2,FALSE) -> 54.003086 | H10: Gender | M10: Senior | N10: >=60
A11: 10 | B11: Norway | C11: F | D11: 32 | E11: A | F11: =_xlfn.IFS(D11>=60, "Senior", D11<35, "Young", D11<60, "Middle") -> Young | G11: =VLOOKUP(B11,'Analysis 1.3'!$E$1:$F$15,2,FALSE) -> 54.725 | I11: M | J11: =COUNTIF($C$1:$C$2501,$I11) -> 1243
A12: 11 | B12: USA | C12: F | D12: 82 | E12: A | F12: =_xlfn.IFS(D12>=60, "Senior", D12<35, "Young", D12<60, "Middle") -> Senior | G12: =VLOOKUP(B12,'Analysis 1.3'!$E$1:$F$15,2,FALSE) -> 54.707207 | I12: F | J12: =COUNTIF($C$1:$C$2501,$I12) -> 1257
A13: 12 | B13: Spain | C13: F | D13: 65 | E13: A | F13: =_xlfn.IFS(D13>=60, "Senior", D13<35, "Young", D13<60, "Middle") -> Senior | G13: =VLOOKUP(B13,'Analysis 1.3'!$E$1:$F$15,2,FALSE) -> 48.434944
A14: 13 | B14: Spain | C14: F | D14: 84 | E14: A | F14: =_xlfn.IFS(D14>=60, "Senior", D14<35, "Young", D14<60, "Middle") -> Senior | G14: =VLOOKUP(B14,'Analysis 1.3'!$E$1:$F$15,2,FALSE) -> 48.434944 | H14: Countrywise gender | I14: France | J14: =COUNTIF($B$1:$B$2501,$I14) -> 334
A15: 14 | B15: Australia | C15: M | D15: 64 | E15: A | F15: =_xlfn.IFS(D15>=60, "Senior", D15<35, "Young", D15<60, "Middle") -> Senior | G15: =VLOOKUP(B15,'Analysis 1.3'!$E$1:$F$15,2,FALSE) -> 52.833333 | I15: Spain | J15: =COUNTIF($B$1:$B$2501,$I15) -> 282
A16: 15 | B16: Germany | C16: F | D16: 48 | E16: A | F16: =_xlfn.IFS(D16>=60, "Senior", D16<35, "Young", D16<60, "Middle") -> Middle | G16: =VLOOKUP(B16,'Analysis 1.3'!$E$1:$F$15,2,FALSE) -> 49.655172 | I16: USA | J16: =COUNTIF($B$1:$B$2501,$I16) -> 907
A17: 16 | B17: Norway | C17: F | D17: 81 | E17: A | F17: =_xlfn.IFS(D17>=60, "Senior", D17<35, "Young", D17<60, "Middle") -> Senior | G17: =VLOOKUP(B17,'Analysis 1.3'!$E$1:$F$15,2,FALSE) -> 54.725 | I17: Australia | J17: =COUNTIF($B$1:$B$2501,$I17) -> 208
A18: 17 | B18: USA | C18: M | D18: 63 | E18: A | F18: =_xlfn.IFS(D18>=60, "Senior", D18<35, "Young", D18<60, "Middle") -> Senior | G18: =VLOOKUP(B18,'Analysis 1.3'!$E$1:$F$15,2,FALSE) -> 54.707207 | I18: Denmark | J18: =COUNTIF($B$1:$B$2501,$I18) -> 68
A19: 18 | B19: USA | C19: F | D19: 85 | E19: A | F19: =_xlfn.IFS(D19>=60, "Senior", D19<35, "Young", D19<60, "Middle") -> Senior | G19: =VLOOKUP(B19,'Analysis 1.3'!$E$1:$F$15,2,FALSE) -> 54.707207 | I19: Singapore | J19: =COUNTIF($B$1:$B$2501,$I19) -> 86
A20: 19 | B20: USA | C20: F | D20: 35 | E20: A | F20: =_xlfn.IFS(D20>=60, "Senior", D20<35, "Young", D20<60, "Middle") -> Middle | G20: =VLOOKUP(B20,'Analysis 1.3'!$E$1:$F$15,2,FALSE) -> 54.707207 | I20: Norway | J20: =COUNTIF($B$1:$B$2501,$I20) -> 37
A21: 20 | B21: USA | C21: F | D21: 38 | E21: A | F21: =_xlfn.IFS(D21>=60, "Senior", D21<35, "Young", D21<60, "Middle") -> Middle | G21: =VLOOKUP(B21,'Analysis 1.3'!$E$1:$F$15,2,FALSE) -> 54.707207 | I21: Germany | J21: =COUNTIF($B$1:$B$2501,$I21) -> 63
A22: 21 | B22: Spain | C22: F | D22: 68 | E22: A | F22: =_xlfn.IFS(D22>=60, "Senior", D22<35, "Young", D22<60, "Middle") -> Senior | G22: =VLOOKUP(B22,'Analysis 1.3'!$E$1:$F$15,2,FALSE) -> 48.434944 | I22: Austria | J22: =COUNTIF($B$1:$B$2501,$I22) -> 60
A23: 22 | B23: Spain | C23: F | D23: 78 | E23: A | F23: =_xlfn.IFS(D23>=60, "Senior", D23<35, "Young", D23<60, "Middle") -> Senior | G23: =VLOOKUP(B23,'Analysis 1.3'!$E$1:$F$15,2,FALSE) -> 48.434944 | I23: Finland | J23: =COUNTIF($B$1:$B$2501,$I23) -> 70
A24: 23 | B24: Spain | C24: F | D24: 62 | E24: A | F24: =_xlfn.IFS(D24>=60, "Senior", D24<35, "Young", D24<60, "Middle") -> Senior | G24: =VLOOKUP(B24,'Analysis 1.3'!$E$1:$F$15,2,FALSE) -> 48.434944 | I24: Italy | J24: =COUNTIF($B$1:$B$2501,$I24) -> 120
A25: 24 | B25: Spain | C25: F | D25: 47 | E25: A | F25: =_xlfn.IFS(D25>=60, "Senior", D25<35, "Young", D25<60, "Middle") -> Middle | G25: =VLOOKUP(B25,'Analysis 1.3'!$E$1:$F$15,2,FALSE) -> 48.434944 | I25: India | J25: =COUNTIF($B$1:$B$2501,$I25) -> 217
A26: 25 | B26: USA | C26: M | D26: 59 | E26: A | F26: =_xlfn.IFS(D26>=60, "Senior", D26<35, "Young", D26<60, "Middle") -> Middle | G26: =VLOOKUP(B26,'Analysis 1.3'!$E$1:$F$15,2,FALSE) -> 54.707207 | I26: Ireland | J26: =COUNTIF($B$1:$B$2501,$I26) -> 17
A27: 26 | B27: France | C27: M | D27: 27 | E27: A | F27: =_xlfn.IFS(D27>=60, "Senior", D27<35, "Young", D27<60, "Middle") -> Young | G27: =VLOOKUP(B27,'Analysis 1.3'!$E$1:$F$15,2,FALSE) -> 54.003086 | I27: Switzerland | J27: =COUNTIF($B$1:$B$2501,$I27) -> 31
A28: 27 | B28: USA | C28: F | D28: 66 | E28: A | F28: =_xlfn.IFS(D28>=60, "Senior", D28<35, "Young", D28<60, "Middle") -> Senior | G28: =VLOOKUP(B28,'Analysis 1.3'!$E$1:$F$15,2,FALSE) -> 54.707207
A29: 28 | B29: Singapore | C29: M | D29: 77 | E29: A | F29: =_xlfn.IFS(D29>=60, "Senior", D29<35, "Young", D29<60, "Middle") -> Senior | G29: =VLOOKUP(B29,'Analysis 1.3'!$E$1:$F$15,2,FALSE) -> 53.742268
A30: 29 | B30: Spain | C30: F | D30: 19 | E30: A | F30: =_xlfn.IFS(D30>=60, "Senior", D30<35, "Young", D30<60, "Middle") -> Young | G30: =VLOOKUP(B30,'Analysis 1.3'!$E$1:$F$15,2,FALSE) -> 48.434944 | J30: M | K30: F
A31: 30 | B31: France | C31: F | D31: 72 | E31: A | F31: =_xlfn.IFS(D31>=60, "Senior", D31<35, "Young", D31<60, "Middle") -> Senior | G31: =VLOOKUP(B31,'Analysis 1.3'!$E$1:$F$15,2,FALSE) -> 54.003086 | I31: France | J31: =COUNTIFS($B$1:$B$2501,$I31,$C$1:$C$2501,J$30) -> 181 | K31: =COUNTIFS($B$1:$B$2501,$I31,$C$1:$C$2501,K$30) -> 153
A32: 31 | B32: USA | C32: M | D32: 22 | E32: A | F32: =_xlfn.IFS(D32>=60, "Senior", D32<35, "Young", D32<60, "Middle") -> Young | G32: =VLOOKUP(B32,'Analysis 1.3'!$E$1:$F$15,2,FALSE) -> 54.707207 | I32: Spain | J32: =COUNTIFS($B$1:$B$2501,$I32,$C$1:$C$2501,J$30) -> 130 | K32: =COUNTIFS($B$1:$B$2501,$I32,$C$1:$C$2501,K$30) -> 152
A33: 32 | B33: Spain | C33: F | D33: 55 | E33: A | F33: =_xlfn.IFS(D33>=60, "Senior", D33<35, "Young", D33<60, "Middle") -> Middle | G33: =VLOOKUP(B33,'Analysis 1.3'!$E$1:$F$15,2,FALSE) -> 48.434944 | I33: USA | J33: =COUNTIFS($B$1:$B$2501,$I33,$C$1:$C$2501,J$30) -> 454 | K33: =COUNTIFS($B$1:$B$2501,$I33,$C$1:$C$2501,K$30) -> 453
A34: 33 | B34: Spain | C34: M | D34: 53 | E34: A | F34: =_xlfn.IFS(D34>=60, "Senior", D34<35, "Young", D34<60, "Middle") -> Middle | G34: =VLOOKUP(B34,'Analysis 1.3'!$E$1:$F$15,2,FALSE) -> 48.434944 | I34: Australia | J34: =COUNTIFS($B$1:$B$2501,$I34,$C$1:$C$2501,J$30) -> 102 | K34: =COUNTIFS($B$1:$B$2501,$I34,$C$1:$C$2501,K$30) -> 106
A35: 34 | B35: Australia | C35: F | D35: 20 | E35: A | F35: =_xlfn.IFS(D35>=60, "Senior", D35<35, "Young", D35<60, "Middle") -> Young | G35: =VLOOKUP(B35,'Analysis 1.3'!$E$1:$F$15,2,FALSE) -> 52.833333 | I35: Denmark | J35: =COUNTIFS($B$1:$B$2501,$I35,$C$1:$C$2501,J$30) -> 33 | K35: =COUNTIFS($B$1:$B$2501,$I35,$C$1:$C$2501,K$30) -> 35
A36: 35 | B36: Australia | C36: M | D36: 19 | E36: A | F36: =_xlfn.IFS(D36>=60, "Senior", D36<35, "Young", D36<60, "Middle") -> Young | G36: =VLOOKUP(B36,'Analysis 1.3'!$E$1:$F$15,2,FALSE) -> 52.833333 | I36: Singapore | J36: =COUNTIFS($B$1:$B$2501,$I36,$C$1:$C$2501,J$30) -> 44 | K36: =COUNTIFS($B$1:$B$2501,$I36,$C$1:$C$2501,K$30) -> 42
A37: 36 | B37: USA | C37: M | D37: 63 | E37: A | F37: =_xlfn.IFS(D37>=60, "Senior", D37<35, "Young", D37<60, "Middle") -> Senior | G37: =VLOOKUP(B37,'Analysis 1.3'!$E$1:$F$15,2,FALSE) -> 54.707207 | I37: Norway | J37: =COUNTIFS($B$1:$B$2501,$I37,$C$1:$C$2501,J$30) -> 16 | K37: =COUNTIFS($B$1:$B$2501,$I37,$C$1:$C$2501,K$30) -> 21
A38: 37 | B38: Spain | C38: M | D38: 35 | E38: A | F38: =_xlfn.IFS(D38>=60, "Senior", D38<35, "Young", D38<60, "Middle") -> Middle | G38: =VLOOKUP(B38,'Analysis 1.3'!$E$1:$F$15,2,FALSE) -> 48.434944 | I38: Germany | J38: =COUNTIFS($B$1:$B$2501,$I38,$C$1:$C$2501,J$30) -> 31 | K38: =COUNTIFS($B$1:$B$2501,$I38,$C$1:$C$2501,K$30) -> 32
A39: 38 | B39: Austria | C39: M | D39: 53 | E39: A | F39: =_xlfn.IFS(D39>=60, "Senior", D39<35, "Young", D39<60, "Middle") -> Middle | G39: =VLOOKUP(B39,'Analysis 1.3'!$E$1:$F$15,2,FALSE) -> 47.44186 | I39: Austria | J39: =COUNTIFS($B$1:$B$2501,$I39,$C$1:$C$2501,J$30) -> 35 | K39: =COUNTIFS($B$1:$B$2501,$I39,$C$1:$C$2501,K$30) -> 25
A40: 39 | B40: USA | C40: F | D40: 46 | E40: A | F40: =_xlfn.IFS(D40>=60, "Senior", D40<35, "Young", D40<60, "Middle") -> Middle | G40: =VLOOKUP(B40,'Analysis 1.3'!$E$1:$F$15,2,FALSE) -> 54.707207 | I40: Finland | J40: =COUNTIFS($B$1:$B$2501,$I40,$C$1:$C$2501,J$30) -> 36 | K40: =COUNTIFS($B$1:$B$2501,$I40,$C$1:$C$2501,K$30) -> 34
A41: 40 | B41: Australia | C41: F | D41: 37 | E41: A | F41: =_xlfn.IFS(D41>=60, "Senior", D41<35, "Young", D41<60, "Middle") -> Middle | G41: =VLOOKUP(B41,'Analysis 1.3'!$E$1:$F$15,2,FALSE) -> 52.833333 | I41: Italy | J41: =COUNTIFS($B$1:$B$2501,$I41,$C$1:$C$2501,J$30) -> 57 | K41: =COUNTIFS($B$1:$B$2501,$I41,$C$1:$C$2501,K$30) -> 63
A42: 41 | B42: Australia | C42: F | D42: 42 | E42: A | F42: =_xlfn.IFS(D42>=60, "Senior", D42<35, "Young", D42<60, "Middle") -> Middle | G42: =VLOOKUP(B42,'Analysis 1.3'!$E$1:$F$15,2,FALSE) -> 52.833333 | I42: India | J42: =COUNTIFS($B$1:$B$2501,$I42,$C$1:$C$2501,J$30) -> 104 | K42: =COUNTIFS($B$1:$B$2501,$I42,$C$1:$C$2501,K$30) -> 113
... A44: 43 | B44: Singapore | C44: F | D44: 55 | E44: A | F44: =_xlfn.IFS(D44>=60, "Senior", D44<35, "Young", D44<60, "Middle") -> Middle | G44: =VLOOKUP(B44,'Analysis 1.3'!$E$1:$F$15,2,FALSE) -> 53.742268 | I44: Switzerland | J44: =COUNTIFS($B$1:$B$2501,$I44,$C$1:$C$2501,J$30) -> 12 | K44: =COUNTIFS($B$1:$B$2501,$I44,$C$1:$C$2501,K$30) -> 19
A45: 44 | B45: Singapore | C45: M | D45: 90 | E45: A | F45: =_xlfn.IFS(D45>=60, "Senior", D45<35, "Young", D45<60, "Middle") -> Senior | G45: =VLOOKUP(B45,'Analysis 1.3'!$E$1:$F$15,2,FALSE) -> 53.742268
A46: 45 | B46: USA | C46: M | D46: 89 | E46: A | F46: =_xlfn.IFS(D46>=60, "Senior", D46<35, "Young", D46<60, "Middle") -> Senior | G46: =VLOOKUP(B46,'Analysis 1.3'!$E$1:$F$15,2,FALSE) -> 54.707207 | J46: M | K46: F
A47: 46 | B47: Finland | C47: F | D47: 66 | E47: A | F47: =_xlfn.IFS(D47>=60, "Senior", D47<35, "Young", D47<60, "Middle") -> Senior | G47: =VLOOKUP(B47,'Analysis 1.3'!$E$1:$F$15,2,FALSE) -> 59.060606 | I47: A | J47: =COUNTIFS($E$1:$E$2501,$I47,$C$1:$C$2501,J$46) -> 242 | K47: =COUNTIFS($E$1:$E$2501,$I47,$C$1:$C$2501,K$46) -> 258
A48: 47 | B48: Spain | C48: M | D48: 25 | E48: A | F48: =_xlfn.IFS(D48>=60, "Senior", D48<35, "Young", D48<60, "Middle") -> Young | G48: =VLOOKUP(B48,'Analysis 1.3'!$E$1:$F$15,2,FALSE) -> 48.434944 | I48: B | J48: =COUNTIFS($E$1:$E$2501,$I48,$C$1:$C$2501,J$46) -> 245 | K48: =COUNTIFS($E$1:$E$2501,$I48,$C$1:$C$2501,K$46) -> 255
A49: 48 | B49: USA | C49: F | D49: 66 | E49: A | F49: =_xlfn.IFS(D49>=60, "Senior", D49<35, "Young", D49<60, "Middle") -> Senior | G49: =VLOOKUP(B49,'Analysis 1.3'!$E$1:$F$15,2,FALSE) -> 54.707207 | I49: C | J49: =COUNTIFS($E$1:$E$2501,$I49,$C$1:$C$2501,J$46) -> 246 | K49: =COUNTIFS($E$1:$E$2501,$I49,$C$1:$C$2501,K$46) -> 254
A50: 49 | B50: France | C50: F | D50: 30 | E50: A | F50: =_xlfn.IFS(D50>=60, "Senior", D50<35, "Young", D50<60, "Middle") -> Young | G50: =VLOOKUP(B50,'Analysis 1.3'!$E$1:$F$15,2,FALSE) -> 54.003086 | I50: D | J50: =COUNTIFS($E$1:$E$2501,$I50,$C$1:$C$2501,J$46) -> 251 | K50: =COUNTIFS($E$1:$E$2501,$I50,$C$1:$C$2501,K$46) -> 249
A51: 50 | B51: Norway | C51: F | D51: 83 | E51: A | F51: =_xlfn.IFS(D51>=60, "Senior", D51<35, "Young", D51<60, "Middle") -> Senior | G51: =VLOOKUP(B51,'Analysis 1.3'!$E$1:$F$15,2,FALSE) -> 54.725 | I51: E | J51: =COUNTIFS($E$1:$E$2501,$I51,$C$1:$C$2501,J$46) -> 259 | K51: =COUNTIFS($E$1:$E$2501,$I51,$C$1:$C$2501,K$46) -> 241
A52: 51 | B52: USA | C52: F | D52: 63 | E52: A | F52: =_xlfn.IFS(D52>=60, "Senior", D52<35, "Young", D52<60, "Middle") -> Senior | G52: =VLOOKUP(B52,'Analysis 1.3'!$E$1:$F$15,2,FALSE) -> 54.707207
A53: 52 | B53: USA | C53: F | D53: 75 | E53: A | F53: =_xlfn.IFS(D53>=60, "Senior", D53<35, "Young", D53<60, "Middle") -> Senior | G53: =VLOOKUP(B53,'Analysis 1.3'!$E$1:$F$15,2,FALSE) -> 54.707207
A54: 53 | B54: Italy | C54: M | D54: 62 | E54: A | F54: =_xlfn.IFS(D54>=60, "Senior", D54<35, "Young", D54<60, "Middle") -> Senior | G54: =VLOOKUP(B54,'Analysis 1.3'!$E$1:$F$15,2,FALSE) -> 49.778761
A55: 54 | B55: India | C55: F | D55: 52 | E55: A | F55: =_xlfn.IFS(D55>=60, "Senior", D55<35, "Young", D55<60, "Middle") -> Middle | G55: =VLOOKUP(B55,'Analysis 1.3'!$E$1:$F$15,2,FALSE) -> 55.656028
A56: 55 | B56: Denmark | C56: F | D56: 32 | E56: A | F56: =_xlfn.IFS(D56>=60, "Senior", D56<35, "Young", D56<60, "Middle") -> Young | G56: =VLOOKUP(B56,'Analysis 1.3'!$E$1:$F$15,2,FALSE) -> 53.469697
A57: 56 | B57: Australia | C57: F | D57: 32 | E57: A | F57: =_xlfn.IFS(D57>=60, "Senior", D57<35, "Young", D57<60, "Middle") -> Young | G57: =VLOOKUP(B57,'Analysis 1.3'!$E$1:$F$15,2,FALSE) -> 52.833333
A58: 57 | B58: India | C58: M | D58: 79 | E58: A | F58: =_xlfn.IFS(D58>=60, "Senior", D58<35, "Young", D58<60, "Middle") -> Senior | G58: =VLOOKUP(B58,'Analysis 1.3'!$E$1:$F$15,2,FALSE) -> 55.656028
A59: 58 | B59: Germany | C59: M | D59: 29 | E59: A | F59: =_xlfn.IFS(D59>=60, "Senior", D59<35, "Young", D59<60, "Middle") -> Young | G59: =VLOOKUP(B59,'Analysis 1.3'!$E$1:$F$15,2,FALSE) -> 49.655172
A60: 59 | B60: Australia | C60: F | D60: 70 | E60: A | F60: =_xlfn.IFS(D60>=60, "Senior", D60<35, "Young", D60<60, "Middle") -> Senior | G60: =VLOOKUP(B60,'Analysis 1.3'!$E$1:$F$15,2,FALSE) -> 52.833333
A61: 60 | B61: USA | C61: M | D61: 60 | E61: A | F61: =_xlfn.IFS(D61>=60, "Senior", D61<35, "Young", D61<60, "Middle") -> Senior | G61: =VLOOKUP(B61,'Analysis 1.3'!$E$1:$F$15,2,FALSE) -> 54.707207
A62: 61 | B62: Spain | C62: F | D62: 47 | E62: A | F62: =_xlfn.IFS(D62>=60, "Senior", D62<35, "Young", D62<60, "Middle") -> Middle | G62: =VLOOKUP(B62,'Analysis 1.3'!$E$1:$F$15,2,FALSE) -> 48.434944
A63: 62 | B63: USA | C63: F | D63: 42 | E63: A | F63: =_xlfn.IFS(D63>=60, "Senior", D63<35, "Young", D63<60, "Middle") -> Middle | G63: =VLOOKUP(B63,'Analysis 1.3'!$E$1:$F$15,2,FALSE) -> 54.707207
... A2501: 2500 | B2501: Denmark | C2501: F | D2501: 46 | E2501: E | F2501: =_xlfn.IFS(D2501>=60, "Senior", D2501<35, "Young", D2501<60, "Middle") -> Middle | G2501: =VLOOKUP(B2501,'Analysis 1.3'!$E$1:$F$15,2,FALSE) -> 53.469697

Sheet Customers
A1: Customer ID | B1: Customer Country | C1: Gender | D1: Age | E1: Category
A2: 1 | B2: France | C2: M | D2: 31 | E2: A
A3: 2 | B3: Spain | C3: M | D3: 49 | E3: A
A4: 3 | B4: USA | C4: M | D4: 39 | E4: A
A5: 4 | B5: Australia | C5: M | E5: A
A6: 5 | B6: Denmark | C6: M | D6: 81 | E6: A
A7: 6 | B7: USA | C7: F | D7: 62 | E7: A
A8: 7 | B8: Singapore | C8: M | D8: 76 | E8: A
A9: 8 | B9: France | C9: F | D9: 70 | E9: A
A10: 9 | B10: France | C10: F | D10: 75 | E10: A
A11: 10 | B11: Norway | C11: F | D11: 32 | E11: A
A12: 11 | B12: USA | C12: F | D12: 82 | E12: A
A13: 12 | B13: Spain | C13: F | D13: 65 | E13: A
A14: 13 | B14: Spain | C14: F | D14: 84 | E14: A
A15: 14 | B15: Australia | C15: M | D15: 64 | E15: A
A16: 15 | B16: Germany | C16: F | D16: 48 | E16: A
A17: 16 | B17: Norway | C17: F | D17: 81 | E17: A
... A1260: 1259 | B1260: USA | C1260: M | D1260: 45 | E1260: C
A1261: 1260 | B1261: France | C1261: M | E1261: C
A1262: 1261 | B1262: USA | C1262: M | D1262: 49 | E1262: C
A1263: 1262 | B1263: USA | C1263: M | D1263: 41 | E1263: C
A1264: 1263 | B1264: USA | C1264: F | D1264: 78 | E1264: C
A1265: 1264 | B1265: Italy | C1265: F | D1265: 47 | E1265: C
A1266: 1265 | B1266: USA | C1266: M | D1266: 72 | E1266: C
A1267: 1266 | B1267: USA | C1267: M | D1267: 42 | E1267: C
A1268: 1267 | B1268: Italy | C1268: M | D1268: 62 | E1268: C
A1269: 1268 | B1269: USA | C1269: M | D1269: 48 | E1269: C
A1270: 1269 | B1270: Switzerland | C1270: M | D1270: 48 | E1270: C
A1271: 1270 | B1271: USA | C1271: M | D1271: 48 | E1271: C
A1272: 1271 | B1272: France | C1272: F | D1272: 43 | E1272: C
A1273: 1272 | B1273: Australia | C1273: F | D1273: 39 | E1273: C
... A1497: 1496 | B1497: USA | C1497: F | D1497: 74 | E1497: C
A1498: 1497 | B1498: Spain | C1498: F | E1498: C
A1499: 1498 | B1499: Germany | C1499: F | D1499: 75 | E1499: C
A1500: 1499 | B1500: USA | C1500: F | D1500: 48 | E1500: C
A1501: 1500 | B1501: USA | C1501: M | D1501: 19 | E1501: C
A1502: 1501 | B1502: USA | C1502: M | D1502: 51 | E1502: D
A1503: 1502 | B1503: Spain | C1503: F | D1503: 33 | E1503: D
A1504: 1503 | B1504: Norway | C1504: F | D1504: 79 | E1504: D
A1505: 1504 | B1505: France | C1505: F | D1505: 33 | E1505: D
A1506: 1505 | B1506: USA | C1506: M | D1506: 48 | E1506: D
A1507: 1506 | B1507: USA | C1507: M | D1507: 18 | E1507: D
A1508: 1507 | B1508: USA | C1508: F | D1508: 78 | E1508: D
A1509: 1508 | B1509: USA | C1509: M | D1509: 73 | E1509: D
A1510: 1509 | B1510: USA | C1510: M | D1510: 31 | E1510: D
... A1803: 1802 | B1803: France | C1803: F | D1803: 61 | E1803: D
A1804: 1803 | B1804: Spain | C1804: F | E1804: D
A1805: 1804 | B1805: Australia | C1805: F | D1805: 81 | E1805: D
A1806: 1805 | B1806: France | C1806: F | D1806: 39 | E1806: D
A1807: 1806 | B1807: USA | C1807: M | D1807: 35 | E1807: D
A1808: 1807 | B1808: Australia | C1808: F | D1808: 77 | E1808: D
A1809: 1808 | B1809: Italy | C1809: F | D1809: 28 | E1809: D
A1810: 1809 | B1810: USA | C1810: F | D1810: 57 | E1810: D
A1811: 1810 | B1811: USA | C1811: M | D1811: 86 | E1811: D
A1812: 1811 | B1812: USA | C1812: F | D1812: 79 | E1812: D
A1813: 1812 | B1813: Spain | C1813: M | D1813: 49 | E1813: D
A1814: 1813 | B1814: USA | C1814: M | D1814: 21 | E1814: D
A1815: 1814 | B1815: USA | C1815: M | D1815: 86 | E1815: D
A1816: 1815 | B1816: Austria | C1816: M | D1816: 43 | E1816: D
... A1895: 1894 | B1895: Spain | C1895: M | D1895: 69 | E1895: D
A1896: 1895 | B1896: France | C1896: M | E1896: D
A1897: 1896 | B1897: France | C1897: F | D1897: 22 | E1897: D
A1898: 1897 | B1898: USA | C1898: F | D1898: 28 | E1898: D
A1899: 1898 | B1899: Australia | C1899: M | D1899: 74 | E1899: D
A1900: 1899 | B1900: USA | C1900: F | D1900: 63 | E1900: D
A1901: 1900 | B1901: Singapore | C1901: F | D1901: 28 | E1901: D
A1902: 1901 | B1902: USA | C1902: F | D1902: 34 | E1902: D
A1903: 1902 | B1903: Austria | C1903: F | D1903: 46 | E1903: D
A1904: 1903 | B1904: Australia | C1904: M | D1904: 71 | E1904: D
A1905: 1904 | B1905: Denmark | C1905: M | D1905: 70 | E1905: D
A1906: 1905 | B1906: Spain | C1906: M | D1906: 48 | E1906: D
A1907: 1906 | B1907: Switzerland | C1907: F | D1907: 81 | E1907: D
A1908: 1907 | B1908: Australia | C1908: F | D1908: 83 | E1908: D
... A1918: 1917 | B1918: USA | C1918: F | D1918: 63 | E1918: D
A1919: 1918 | B1919: France | C1919: M | E1919: D
A1920: 1919 | B1920: France | C1920: M | D1920: 86 | E1920: D
A1921: 1920 | B1921: USA | C1921: M | D1921: 43 | E1921: D
A1922: 1921 | B1922: USA | C1922: F | D1922: 62 | E1922: D
A1923: 1922 | B1923: Spain | C1923: F | D1923: 59 | E1923: D
A1924: 1923 | B1924: Italy | C1924: M | D1924: 29 | E1924: D
A1925: 1924 | B1925: Italy | C1925: F | D1925: 48 | E1925: D
A1926: 1925 | B1926: USA | C1926: M | D1926: 65 | E1926: D
A1927: 1926 | B1927: Spain | C1927: F | D1927: 24 | E1927: D
A1928: 1927 | B1928: Spain | C1928: F | D1928: 52 | E1928: D
A1929: 1928 | B1929: Australia | C1929: M | D1929: 62 | E1929: D
A1930: 1929 | B1930: France | C1930: F | D1930: 69 | E1930: D
A1931: 1930 | B1931: USA | C1931: F | D1931: 40 | E1931: D
... A2220: 2219 | B2220: Austria | C2220: M | D2220: 19 | E2220: E
A2221: 2220 | B2221: Australia | C2221: F | E2221: E
A2222: 2221 | B2222: Australia | C2222: F | D2222: 69 | E2222: E
A2223: 2222 | B2223: USA | C2223: F | D2223: 23 | E2223: E
A2224: 2223 | B2224: USA | C2224: M | D2224: 85 | E2224: E
A2225: 2224 | B2225: USA | C2225: M | D2225: 82 | E2225: E
A2226: 2225 | B2226: USA | C2226: F | D2226: 89 | E2226: E
A2227: 2226 | B2227: France | C2227: F | D2227: 66 | E2227: E
A2228: 2227 | B2228: USA | C2228: F | D2228: 70 | E2228: E
A2229: 2228 | B2229: Italy | C2229: F | D2229: 46 | E2229: E
A2230: 2229 | B2230: Denmark | C2230: F | D2230: 38 | E2230: E
A2231: 2230 | B2231: Australia | C2231: F | D2231: 65 | E2231: E
A2232: 2231 | B2232: France | C2232: M | D2232: 76 | E2232: E
...

Sheet Sales Targets (2)
A1: Sales POC | B1: Sales Manager First Name | C1: Sales Manager Last Name | D1: Sales Team | E1: 2023 Sales Target | H1: 2023 Sales Target | I1: count | J1: Average sales
A2: Kalle Suominen | B2: Amelia | C2: Johnson | D2: Epsilon | E2: 100000 | H2: 100000 | I2: =COUNTIF($E$1:$E$93,$H2) -> 36 | J2: =AVERAGE(E1:E93) -> 139239.13
A3: Julie Brown | B3: Lukas | C3: Schmidt | D3: Alpha | E3: 200000 | H3: 200000 | I3: =COUNTIF($E$1:$E$93,$H3) -> 10
A4: Jeff Young | B4: Olivia | C4: Jensen | D4: Beta | E4: 200000 | H4: 250000 | I4: =COUNTIF($E$1:$E$93,$H4) -> 3
A5: Kyung Yu | B5: Sofia | C5: Laine | D5: Gamma | E5: 100000 | H5: 1000000 | I5: =COUNTIF($E$1:$E$93,$H5) -> 2
A6: Adrian Huxley | B6: Chloe | C6: Dupont | D6: Beta | E6: 200000 | H6: 50000 | I6: =COUNTIF($E$1:$E$93,$H6) -> 6
A7: Kwai Yu | B7: Alexander | C7: Müller | D7: Alpha | E7: 200000 | H7: 150000 | I7: =COUNTIF($E$1:$E$93,$H7) -> 23
A8: Jytte Petersen | B8: Liam | C8: O'Sullivan | D8: Beta | E8: 100000 | H8: 80000 | I8: =COUNTIF($E$1:$E$93,$H8) -> 7
A9: Paul Henriot | B9: Sophia | C9: Rossi | D9: Beta | E9: 200000 | H9: 30000 | I9: =COUNTIF($E$1:$E$93,$H9) -> 5
A10: Sue King | B10: Emma | C10: Hansen | D10: Gamma | E10: 100000
A11: Victoria Ashworth | B11: Ethan | C11: Lee | D11: Beta | E11: 250000 | H11: Sales Team | I11: count | J11: Average sales
A12: Anna O'Hara | B12: Isabella | C12: Garcia | D12: Alpha | E12: 200000 | H12: Epsilon | I12: =COUNTIF($D$1:$D$93,$H12) -> 13 | J12: =AVERAGEIF($D$1:$D$93,$H12,$E$1:$E$93) -> 113846.15 | K12: =J12/$J$2 -> 0.81763046
A13: Diego Freyre | B13: Noah | C13: Meier | D13: Alpha | E13: 1000000 | H13: Alpha | I13: =COUNTIF($D$1:$D$93,$H13) -> 22 | J13: =AVERAGEIF($D$1:$D$93,$H13,$E$1:$E$93) -> 167727.27 | K13: =J13/$J$2 -> 1.2045987
A14: Akiko Shimamura | B14: Ava | C14: Williams | D14: Epsilon | E14: 100000 | H14: Beta | I14: =COUNTIF($D$1:$D$93,$H14) -> 24 | J14: =AVERAGEIF($D$1:$D$93,$H14,$E$1:$E$93) -> 121666.67 | K14: =J14/$J$2 -> 0.87379651
A15: Janine Labrune | B15: Dev | C15: Patel | D15: Delta | E15: 200000 | H15: Gamma | I15: =COUNTIF($D$1:$D$93,$H15) -> 21 | J15: =AVERAGEIF($D$1:$D$93,$H15,$E$1:$E$93) -> 114761.9 | K15: =J15/$J$2 -> 0.82420728
A16: Thomas Hardy | B16: Mia | C16: Khan | D16: Epsilon | E16: 50000 | H16: Delta | I16: =COUNTIF($D$1:$D$93,$H16) -> 12 | J16: =AVERAGEIF($D$1:$D$93,$H16,$E$1:$E$93) -> 192500 | K16: =J16/$J$2 -> 1.3825137
A17: Annette Roulet | B17: William | C17: Brown | D17: Gamma | E17: 100000
A18: Steve Frick | B18: Sophie | C18: Gruber | D18: Delta | E18: 100000
A19: Mary Saveley | B19: Lucas | C19: Nielsen | D19: Gamma | E19: 150000
A20: Henriette Pfalzheim | B20: Aino | C20: Virtanen | D20: Beta | E20: 150000
A21: Laurence Lebihan | B21: Emily | C21: Dubois | D21: Delta | E21: 150000
A22: Catherine Dewey | B22: Benjamin | C22: Weber | D22: Epsilon | E22: 100000
A23: Giovanni Rovelli | B23: Emily | C23: Murphy | D23: Alpha | E23: 150000
A24: Paolo Accorti | B24: Marco | C24: Bianchi | D24: Alpha | E24: 150000
A25: Daniel Da Cunha | B25: Lucas | C25: Olsen | D25: Gamma | E25: 100000
A26: Valarie Nelson | B26: Benjamin | C26: Chen | D26: Delta | E26: 1000000
A27: Frederique Citeaux | B27: Daniela | C27: Hernandez | D27: Gamma | E27: 100000
A28: Arnold Cruz | B28: Liam | C28: Baumann | D28: Beta | E28: 100000
... A93: Jesus Fernandez | B93: Ava | C93: Williams | D93: Epsilon | E93: 50000

Sheet Brain Stroming 
A1: Imagine you have to present a PPT to the CEO
A2: Define the North start Metric
A3: Increase the repeat order rate
B4: 1 | C4: Demographic of the customers
B5: 2 | C5: Time of the customer
B6: 3 | C6: sources
B7: 4 | C7: Chrun ratio
B8: 5 | C8: Sales team performance
B9: 6 | C9: Price sensitivity
B11: 1 | C11: Demographic of the customers
C12: Customer Count | D12: Gender | E12: Age | F12: Category | G12: vs | H12: Order value | I12: Order source | J12: Customer Id
B14: 2 | C14: Time of the customer
C15: Order datetime | E15: vs | F15: Order value | G15: order source | H15: order country | I15: category | J15: Age
B17: 3 | C17: sources
C18: Order Soure | E18: vs | F18: Customer Order value
B20: 4 | C20: Chrun ratio
C21: Customer ID | D21: vs | E21: Order Date time
C22: Customer ID | D22: vs | E22: Order Date time | F22: Country
B24: 5 | C24: Sales team performance
C25: Sales POC | D25: 2023 Sales Target
C26: Sales Team
B28: 6 | C28: Price sensitivity
C29: Order value | D29: vs Customer | E29: gender | F29: age | G29: Category
A33: Make pivots of count for column we discussed
A36: Do the same analysis for
A37: source | B37: 3rd analysis
A39: Question 2,3-a,b,c
A40: find outliers in order value

Sheet Analysis No.1
A1: Row Labels | B1: Count of Customer ID | C1: Sum of Customer ID | E1: Row Labels | F1: Count of Customer ID | H1: Average of Age | I1: Column Labels | L1: Row Labels | M1: Sum of Order Value | N1: Average of Order Value2 | O1: Count of Order ID | P1: Sum of Customer ID
A2: USA | B2: 907 | C2: 0.38573627 | E2: 18-27 | F2: 327 | H2: Row Labels | I2: F | J2: M | L2: Australia | M2: 0.079360193 | N2: 4920.2879 | O2: 198 | P2: 213333
A3: France | B3: 334 | C3: 0.13664742 | E3: 28-37 | F3: 360 | H3: Australia | I3: 51.943396 | J3: 55.431373 | L3: Austria | M3: 0.018240307 | N3: 5207.3488 | O3: 43 | P3: 57992
A4: Spain | B4: 282 | C4: 0.12947301 | E4: 38-47 | F4: 340 | H4: Austria | I4: 46.4 | J4: 55.971429 | L4: Denmark | M4: 0.02502955 | N4: 4655.4545 | O4: 66 | P4: 57203
A5: Australia | B5: 208 | C5: 0.083380088 | E5: 48-57 | F5: 324 | H5: Denmark | I5: 56.457143 | J5: 52.666667 | L5: Finland | M5: 0.026419184 | N5: 4913.9242 | O5: 66 | P5: 66698
A6: Italy | B6: 120 | C6: 0.048871331 | E6: 58-67 | F6: 372 | H6: Finland | I6: 62.558824 | J6: 54.777778 | L6: France | M6: 0.13362298 | N6: 5062.7809 | O6: 324 | P6: 323129
A7: India | B7: 217 | C7: 0.043507397 | E7: 68-77 | F7: 341 | H7: France | I7: 55.444444 | J7: 54.077348 | L7: Germany | M7: 0.024410124 | N7: 5166.4828 | O7: 58 | P7: 55296
A8: Singapore | B8: 86 | C8: 0.035051259 | E8: 78-87 | F8: 337 | H8: Germany | I8: 45.65625 | J8: 55.16129 | L8: India | M8: 0.11123006 | N8: 4842.0142 | O8: 282 | P8: 174809
A9: Austria | B9: 60 | C9: 0.02737593 | E9: 88-97 | F9: 99 | H9: India | I9: 53.982301 | J9: 55.365385 | L9: Ireland | M9: 0.0074915953 | N9: 4598.3 | O9: 20 | P9: 24260
A10: Denmark | B10: 68 | C10: 0.025710996 | E10: Grand Total | F10: 2500 | H10: Ireland | I10: 49.555556 | J10: 69.75 | L10: Italy | M10: 0.043969439 | N10: 4776.6726 | O10: 113 | P10: 111859
A11: Finland | B11: 70 | C11: 0.025644462 | H11: Italy | I11: 50.380952 | J11: 50.912281 | L11: Norway | M11: 0.01590345 | N11: 4880.725 | O11: 40 | P11: 30980
A12: Germany | B12: 63 | C12: 0.025066453 | H12: Norway | I12: 56.952381 | J12: 46.875 | L12: Singapore | M12: 0.039641362 | N12: 5016.8351 | O12: 97 | P12: 103138
A13: Switzerland | B13: 31 | C13: 0.014779368 | H13: Singapore | I13: 60.714286 | J13: 53.931818 | L13: Spain | M13: 0.11296932 | N13: 5155.3866 | O13: 269 | P13: 325127
A14: Norway | B14: 37 | C14: 0.012564574 | H14: Spain | I14: 50.480263 | J14: 52.615385 | L14: Switzerland | M14: 0.013514621 | N14: 4608.4444 | O14: 36 | P14: 46332
A15: Ireland | B15: 17 | C15: 0.0061914434 | H15: Switzerland | I15: 56.473684 | J15: 46.166667 | L15: USA | M15: 0.34819781 | N15: 4813.5563 | O15: 888 | P15: 922337
A16: Grand Total | B16: 2500 | C16: 1 | H16: USA | I16: 54.671082 | J16: 54.348018 | L16: Grand Total | M16: 1 | N16: 4910.356 | O16: 2500 | P16: 2512493
H17: Grand Total | I17: 53.851233 | J17: 54.086887
A19: Row Labels | B19: Count of Gender | C19: Count of Gender2 | H19: Count of Gender | I19: Column Labels
A20: F | B20: 1257 | C20: 0.5028 | H20: Row Labels | I20: F | J20: M | L20: Austria has very high average order value
A21: M | B21: 1243 | C21: 0.4972 | H21: Middle | I21: 409 | J21: 440 | L21: Top countries by avg order value Austria , France , Germany , Singapore , spain
A22: Grand Total | B22: 2500 | C22: 1 | H22: Senior | I22: 531 | J22: 534
H23: Young | I23: 317 | J23: 269 | L23: Most customers are from Usa
A24: Row Labels | B24: Count of Category | C24: Count of Category2 | H24: Grand Total | I24: 1257 | J24: 1243 | L24: 34.82 % of customers are coming from USA
A25: A | B25: 500 | C25: 0.2
A26: B | B26: 500 | C26: 0.2 | L26: Row Labels | M26: Sum of Order Value | N26: Average of Order Value | O26: Count of Order ID | P26: Distinct Count of Customer ID | Q26: Repeat Rate
A27: C | B27: 500 | C27: 0.2 | L27: Australia | M27: 974217 | N27: 4920.2879 | O27: 198 | P27: 123 | Q27: =O27/P27 -> 1.6097561
A28: D | B28: 500 | C28: 0.2 | L28: Austria | M28: 223916 | N28: 5207.3488 | O28: 43 | P28: 28 | Q28: =O28/P28 -> 1.5357143
A29: E | B29: 500 | C29: 0.2 | L29: Denmark | M29: 307260 | N29: 4655.4545 | O29: 66 | P29: 37 | Q29: =O29/P29 -> 1.7837838
A30: Grand Total | B30: 2500 | C30: 1 | L30: Finland | M30: 324319 | N30: 4913.9242 | O30: 66 | P30: 41 | Q30: =O30/P30 -> 1.6097561
L31: France | M31: 1640341 | N31: 5062.7809 | O31: 324 | P31: 193 | Q31: =O31/P31 -> 1.6787565
L32: Germany | M32: 299656 | N32: 5166.4828 | O32: 58 | P32: 41 | Q32: =O32/P32 -> 1.4146341
L33: India | M33: 1365448 | N33: 4842.0142 | O33: 282 | P33: 165 | Q33: =O33/P33 -> 1.7090909
L34: Ireland | M34: 91966 | N34: 4598.3 | O34: 20 | P34: 13 | Q34: =O34/P34 -> 1.5384615
L35: Italy | M35: 539764 | N35: 4776.6726 | O35: 113 | P35: 63 | Q35: =O35/P35 -> 1.7936508
L36: Norway | M36: 195229 | N36: 4880.725 | O36: 40 | P36: 23 | Q36: =O36/P36 -> 1.7391304
L37: Singapore | M37: 486633 | N37: 5016.8351 | O37: 97 | P37: 52 | Q37: =O37/P37 -> 1.8653846
L38: Spain | M38: 1386799 | N38: 5155.3866 | O38: 269 | P38: 154 | Q38: =O38/P38 -> 1.7467532
L39: Switzerland | M39: 165904 | N39: 4608.4444 | O39: 36 | P39: 16 | Q39: =O39/P39 -> 2.25
L40: USA | M40: 4274438 | N40: 4813.5563 | O40: 888 | P40: 504 | Q40: =O40/P40 -> 1.7619048
L41: Grand Total | M41: 12275890 | N41: 4910.356 | O41: 2500 | P41: 1453
L43: switzerland has highest repeat rate followed by
L44: USA Has decent repeat rate 1.76
L47: Row Labels | M47: Sum of Order Value | N47: Average of Order Value | O47: Count of Order ID | P47: Distinct Count of Customer ID | Q47: Repeat Rate
L48: F | M48: 6143084 | N48: 4814.3292 | O48: 1276 | P48: 756 | Q48: =O48/P48 -> 1.6878307
L49: M | M49: 6132806 | N49: 5010.4624 | O49: 1224 | P49: 697 | Q49: =O49/P49 -> 1.7560976
L50: Grand Total | M50: 12275890 | N50: 4910.356 | O50: 2500 | P50: 1453
L53: Row Labels | M53: Sum of Order Value | N53: Average of Order Value | O53: Count of Order ID | P53: Distinct Count of Customer ID | Q53: Repeat Rate
L54: Middle | M54: 4029980 | N54: 4938.701 | O54: 816 | P54: 463 | Q54: =O54/P54 -> 1.762419
L55: Senior | M55: 5153769 | N55: 4848.3246 | O55: 1063 | P55: 628 | Q55: =O55/P55 -> 1.6926752
L56: Young | M56: 3092141 | N56: 4979.2931 | O56: 621 | P56: 362 | Q56: =O56/P56 -> 1.7154696
L57: Grand Total | M57: 12275890 | N57: 4910.356 | O57: 2500 | P57: 1453
L60: Row Labels | M60: Sum of Order Value | N60: Average of Order Value | O60: Count of Order ID | P60: Distinct Count of Customer ID | Q60: Repeat Rate
L61: A | M61: 3098913 | N61: 4903.3434 | O61: 632 | P61: 363 | Q61: =O61/P61 -> 1.7410468
L62: B | M62: 3081006 | N62: 5026.1109 | O62: 613 | P62: 366 | Q62: =O62/P62 -> 1.6748634
L63: C | M63: 2992321 | N63: 4954.1738 | O63: 604 | P63: 348 | Q63: =O63/P63 -> 1.7356322
L64: D | M64: 3103650 | N64: 4767.5115 | O64: 651 | P64: 376 | Q64: =O64/P64 -> 1.731383
L65: Grand Total | M65: 12275890 | N65: 4910.356 | O65: 2500 | P65: 1453
L67: For B Repeat rate is low but average is high

Sheet Analysis 1.2
A1: Row Labels | B1: Average of Order Value | C1: Count of Order Value | E1: Average of Order Value | F1: Column Labels | L1: Row Labels | M1: Average of Order Value | P1: Average of Order Value | Q1: Column Labels | X1: Row Labels | Y1: Average of Order Value | Z1: Count of Order Value
A2: 0 | B2: 4984.1632 | C2: 1005 | E2: Row Labels | F2: App | G2: Other | H2: Website | I2: Whatsapp | J2: Grand Total | L2: App | M2: 5132.3215 | P2: Row Labels | Q2: Middle | R2: Senior | S2: Young | T2: Grand Total | X2: Friday | Y2: 4972.3765 | Z2: 340
A3: 1 | B3: 4969.4308 | C3: 629 | E3: 0 | F3: 5226.096 | G3: 4942.063 | H3: 4911.0079 | I3: 4844.1583 | J3: 4979.7882 | L3: Other | M3: 4952.3063 | P3: 0 | Q3: 5166.4389 | R3: 4812.3541 | S3: 5064.3165 | T3: 4984.1632 | X3: Monday | Y3: 4856.5337 | Z3: 386
A4: 2 | B4: 4571.431 | C4: 58 | E4: 1 | F4: 5005.216 | G4: 5083.1169 | H4: 4672.2937 | I4: 5156.3673 | J4: 4974.6356 | L4: Website | M4: 4802.1052 | P4: 1 | Q4: 5288.2402 | R4: 4700.8801 | S4: 5011.6203 | T4: 4969.4308 | X4: Saturday | Y4: 4669.6304 | Z4: 368
A5: 14 | B5: 4443.5 | C5: 2 | E5: 2 | F5: 4042.1818 | G5: 6276.7 | H5: 3588.3125 | I5: 4989.55 | J5: 4639.2105 | L5: Whatsapp | M5: 4760.8231 | P5: 2 | Q5: 4704.5833 | R5: 3782.4 | S5: 5470.3571 | T5: 4571.431 | X5: Sunday | Y5: 5011.9135 | Z5: 347
A6: 16 | B6: 6297.5 | C6: 2 | E6: 14 | F6: 8227 | G6: 660 | J6: 4443.5 | L6: Grand Total | M6: 4910.052 | P6: 14 | Q6: 4443.5 | T6: 4443.5 | X6: Thursday | Y6: 4998.3141 | Z6: 347
A7: 22 | B7: 4933.6026 | C7: 156 | E7: 16 | F7: 6297.5 | J7: 6297.5 | P7: 16 | Q7: 6355 | R7: 6240 | T7: 6297.5 | X7: Tuesday | Y7: 5073.2541 | Z7: 366
A8: 23 | B8: 4760.4429 | C8: 648 | E8: 22 | F8: 5223.4737 | G8: 5282.4324 | H8: 4782.1053 | I8: 4509.2439 | J8: 4938.5779 | P8: 22 | Q8: 4629.1915 | R8: 5653.9683 | S8: 4258.0435 | T8: 4933.6026 | X8: Wednesday | Y8: 4803.1098 | Z8: 346
A9: Grand Total | B9: 4910.356 | C9: 2500 | E9: 23 | F9: 5133.9051 | G9: 4694.8675 | H9: 4880.7396 | I9: 4315.1084 | J9: 4753.4705 | P9: 23 | Q9: 4371.5114 | R9: 4942.2015 | S9: 4985.5843 | T9: 4760.4429 | X9: Grand Total | Y9: 4910.356 | Z9: 2500
E10: Grand Total | F10: 5132.3215 | G10: 4952.3063 | H10: 4802.1052 | I10: 4760.8231 | J10: 4910.052 | P10: Grand Total | Q10: 4938.701 | R10: 4848.3246 | S10: 4979.2931 | T10: 4910.356
A11: High value orders are placed between 10pm to 2am
A12: Most orders are placed between this time only | L12: Comparison against the averages | X12: Average of Order Value | Y12: Column Labels | AE12: Count of Order Value | AF12: Column Labels
P13: Count of Order Value | Q13: Column Labels | X13: Row Labels | Y13: App | Z13: Other | AA13: Website | AB13: Whatsapp | AC13: Grand Total | AE13: Row Labels | AF13: App | AG13: Other | AH13: Website | AI13: Whatsapp | AJ13: Grand Total
A14: For whatsapp channel, 1am is the most suitable time | E14: Count of Order Value | F14: Column Labels | P14: Row Labels | Q14: Middle | R14: Senior | S14: Young | T14: Grand Total | X14: Friday | Y14: 5552.1084 | Z14: 4355.3523 | AA14: 4804.6582 | AB14: 5170.4713 | AC14: 4965.8605 | AE14: Friday | AF14: 83 | AG14: 88 | AH14: 79 | AI14: 87 | AJ14: 337
A15: For Other channel 2 am and 10 pm is most suitable | E15: Row Labels | F15: App | G15: Other | H15: Website | I15: Whatsapp | J15: Grand Total | P15: 0 | Q15: 319 | R15: 449 | S15: 237 | T15: 1005 | X15: Monday | Y15: 5300.1313 | Z15: 4740.2222 | AA15: 5075.1471 | AB15: 4323.8922 | AC15: 4862.9505 | AE15: Monday | AF15: 99 | AG15: 81 | AH15: 102 | AI15: 102 | AJ15: 384
E16: 0 | F16: 250 | G16: 238 | H16: 254 | I16: 259 | J16: 1001 | P16: 1 | Q16: 204 | R16: 267 | S16: 158 | T16: 629 | X16: Saturday | Y16: 4726.7701 | Z16: 5021.3452 | AA16: 4608.9333 | AB16: 4419.241 | AC16: 4690.1309 | AE16: Saturday | AF16: 87 | AG16: 84 | AH16: 105 | AI16: 83 | AJ16: 359
A17: Most orders are coming at 11-2 | C17: Ask sales to be more active at these hours | E17: 1 | F17: 162 | G17: 154 | H17: 160 | I17: 147 | J17: 623 | P17: 2 | Q17: 24 | R17: 20 | S17: 14 | T17: 58 | X17: Sunday | Y17: 5000.2151 | Z17: 4953.2874 | AA17: 4785.9767 | AB17: 5231.8481 | AC17: 4988.0174 | AE17: Sunday | AF17: 93 | AG17: 87 | AH17: 86 | AI17: 79 | AJ17: 345
A18: For senior age focus on time 11pm -2am on whats app , other , websitte and App | E18: 2 | F18: 11 | G18: 10 | H18: 16 | I18: 20 | J18: 57 | P18: 14 | Q18: 2 | T18: 2 | X18: Thursday | Y18: 5104.0556 | Z18: 5849.7436 | AA18: 4652.1596 | AB18: 4487.8471 | AC18: 4998.3141 | AE18: Thursday | AF18: 90 | AG18: 78 | AH18: 94 | AI18: 85 | AJ18: 347
E19: 14 | F19: 1 | G19: 1 | J19: 2 | P19: 16 | Q19: 1 | R19: 1 | T19: 2 | X19: Tuesday | Y19: 5607.3523 | Z19: 4775.766 | AA19: 5172.988 | AB19: 4802.8119 | AC19: 5073.2541 | AE19: Tuesday | AF19: 88 | AG19: 94 | AH19: 83 | AI19: 101 | AJ19: 366
E20: 16 | F20: 2 | J20: 2 | P20: 22 | Q20: 47 | R20: 63 | S20: 46 | T20: 156 | X20: Wednesday | Y20: 4606.1585 | Z20: 5084.2152 | AA20: 4539.9432 | AB20: 4959.0521 | AC20: 4796.9333 | AE20: Wednesday | AF20: 82 | AG20: 79 | AH20: 88 | AI20: 96 | AJ20: 345
A21: Week of the day analysis | E21: 22 | F21: 38 | G21: 37 | H21: 38 | I21: 41 | J21: 154 | P21: 23 | Q21: 219 | R21: 263 | S21: 166 | T21: 648 | X21: Grand Total | Y21: 5132.3215 | Z21: 4952.3063 | AA21: 4802.1052 | AB21: 4760.8231 | AC21: 4910.052 | AE21: Grand Total | AF21: 622 | AG21: 591 | AH21: 637 | AI21: 633 | AJ21: 2483
A22: 1.do the same analysis for week of the day | E22: 23 | F22: 158 | G22: 151 | H22: 169 | I22: 166 | J22: 644 | P22: Grand Total | Q22: 816 | R22: 1063 | S22: 621 | T22: 2500
A23: 2.look at it across the sources | E23: Grand Total | F23: 622 | G23: 591 | H23: 637 | I23: 633 | J23: 2483 | X23: There No much Difference everything looks same no. orders are place
A24: 3.Look at it across the age groups
A25: 4.deep dive | P25: Count of Order ID | Q25: Column Labels | X25: Average of Order Value | Y25: Column Labels | AE25: Count of Order Value | AF25: Column Labels
Q26: Senior | U26: Senior Total | V26: Grand Total | X26: Row Labels | Y26: Middle | Z26: Senior | AA26: Young | AB26: Grand Total | AE26: Row Labels | AF26: Middle | AG26: Senior | AH26: Young | AI26: Grand Total
P27: Row Labels | Q27: App | R27: Other | S27: Website | T27: Whatsapp | X27: Friday | Y27: 4970.9149 | Z27: 4971.7636 | AA27: 4975.321 | AB27: 4972.3765 | AE27: Friday | AF27: 94 | AG27: 165 | AH27: 81 | AI27: 340
P28: 0 | Q28: 100 | R28: 114 | S28: 113 | T28: 119 | U28: 446 | V28: 446 | X28: Monday | Y28: 4748.5512 | Z28: 4759.1429 | AA28: 5156.4694 | AB28: 4856.5337 | AE28: Monday | AF28: 127 | AG28: 161 | AH28: 98 | AI28: 386
P29: 1 | Q29: 60 | R29: 70 | S29: 67 | T29: 67 | U29: 264 | V29: 264 | X29: Saturday | Y29: 4794.9558 | Z29: 4536.3394 | AA29: 4756.6444 | AB29: 4669.6304 | AE29: Saturday | AF29: 113 | AG29: 165 | AH29: 90 | AI29: 368
P30: 2 | Q30: 6 | R30: 4 | S30: 5 | T30: 5 | U30: 20 | V30: 20 | X30: Sunday | Y30: 5033.5575 | Z30: 4940.1712 | AA30: 5103.1477 | AB30: 5011.9135 | AE30: Sunday | AF30: 113 | AG30: 146 | AH30: 88 | AI30: 347
P31: 16 | Q31: 1 | U31: 1 | V31: 1 | X31: Thursday | Y31: 5040.5289 | Z31: 5056.1471 | AA31: 4854.1667 | AB31: 4998.3141 | AE31: Thursday | AF31: 121 | AG31: 136 | AH31: 90 | AI31: 347
P32: 22 | Q32: 22 | R32: 17 | S32: 9 | T32: 15 | U32: 63 | V32: 63 | X32: Tuesday | Y32: 5112.3594 | Z32: 4952.0506 | AA32: 5250.0625 | AB32: 5073.2541 | AE32: Tuesday | AF32: 128 | AG32: 158 | AH32: 80 | AI32: 366
P33: 23 | Q33: 66 | R33: 55 | S33: 73 | T33: 68 | U33: 262 | V33: 262 | X33: Wednesday | Y33: 4872.8333 | Z33: 4752.9167 | AA33: 4784.5851 | AB33: 4803.1098 | AE33: Wednesday | AF33: 120 | AG33: 132 | AH33: 94 | AI33: 346
P34: Grand Total | Q34: 255 | R34: 260 | S34: 267 | T34: 274 | U34: 1056 | V34: 1056 | X34: Grand Total | Y34: 4938.701 | Z34: 4848.3246 | AA34: 4979.2931 | AB34: 4910.356 | AE34: Grand Total | AF34: 816 | AG34: 1063 | AH34: 621 | AI34: 2500
X36: In Age group 60+ Senior are mostly placing High orders
X39: Average of Order Value | Y39: Column Labels
Y40: Middle | AC40: Senior | AG40: Young | AK40: Grand Total
X41: Row Labels | Y41: App | Z41: Other | AA41: Website | AB41: Whatsapp | AC41: App | AD41: Other | AE41: Website | AF41: Whatsapp | AG41: App | AH41: Other | AI41: Website | AJ41: Whatsapp
X42: Friday | Y42: 6069.5 | Z42: 4813.2941 | AA42: 4610.1905 | AB42: 4092.2222 | AC42: 5312.2222 | AD42: 4151.2174 | AE42: 4609.9167 | AF42: 5742.9565 | AG42: 5244.1579 | AH42: 4419.56 | AI42: 5308.9545 | AJ42: 5368.9286 | AK42: 4965.8605
X43: Monday | Y43: 5020.9259 | Z43: 4828.2667 | AA43: 5296.0294 | AB43: 4053.7143 | AC43: 5087.9302 | AD43: 5008.6667 | AE43: 4510.6579 | AF43: 4399.6047 | AG43: 5874.7241 | AH43: 3919.8667 | AI43: 5539.8333 | AJ43: 4582.25 | AK43: 4862.9505
X44: Saturday | Y44: 5198.5926 | Z44: 5090.55 | AA44: 5367.3226 | AB44: 3677.7188 | AC44: 4393.0857 | AD44: 5050.3333 | AE44: 3973.0408 | AF44: 4892.8857 | AG44: 4684.36 | AH44: 4903.0909 | AI44: 4914.88 | AJ44: 4866.1875 | AK44: 4690.1309
X45: Sunday | Y45: 4708.0645 | Z45: 5075.2593 | AA45: 4891.7241 | AB45: 5377.16 | AC45: 5056.3333 | AD45: 5136.1111 | AE45: 4399.8421 | AF45: 5091.0732 | AG45: 5230.625 | AH45: 4541.8333 | AI45: 5396.8421 | AJ45: 5396.3846 | AK45: 4988.0174
X46: Thursday | Y46: 5548.7931 | Z46: 5737.6875 | AA46: 4251 | AB46: 4606.9655 | AC46: 4928.5789 | AD46: 6159.0714 | AE46: 4813.6757 | AF46: 4539.0909 | AG46: 4833.2174 | AH46: 5567.7778 | AI46: 4900.6154 | AJ46: 4264.1304 | AK46: 4998.3141
X47: Tuesday | Y47: 5640.7407 | Z47: 4261.5455 | AA47: 5431.9333 | AB47: 5223.5 | AC47: 5181.6744 | AD47: 5245.175 | AE47: 4923.6486 | AF47: 4411.3158 | AG47: 6574.1667 | AH47: 4689.7143 | AI47: 5264.0625 | AJ47: 4758.44 | AK47: 5073.2541
X48: Wednesday | Y48: 4286.0625 | Z48: 5508.1667 | AA48: 4600.037 | AB48: 5101.2903 | AC48: 4677.1667 | AD48: 4672.8125 | AE48: 4590.5 | AF48: 5016.9474 | AG48: 5011.8 | AH48: 5110.4706 | AI48: 4428.2069 | AJ48: 4714.2593 | AK48: 4796.9333
X49: Grand Total | Y49: 5185.0348 | Z49: 5052.9048 | AA49: 4946.1379 | AB49: 4583.9677 | AC49: 4964.2431 | AD49: 5000.2808 | AE49: 4518.397 | AF49: 4895.6496 | AG49: 5326.6867 | AH49: 4730.5704 | AI49: 5080.6168 | AJ49: 4770.9296 | AK49: 4910.052
X52: Count of Order Value | Y52: Column Labels
Y53: Middle | Z53: Senior | AD53: Young | AE53: Grand Total
X54: Row Labels | Z54: App | AA54: Other | AB54: Website | AC54: Whatsapp
X55: Friday | Y55: 93 | Z55: 36 | AA55: 46 | AB55: 36 | AC55: 46 | AD55: 80 | AE55: 337
X56: Monday | Y56: 126 | Z56: 43 | AA56: 36 | AB56: 38 | AC56: 43 | AD56: 98 | AE56: 384
X57: Saturday | Y57: 110 | Z57: 35 | AA57: 42 | AB57: 49 | AC57: 35 | AD57: 88 | AE57: 359
X58: Sunday | Y58: 112 | Z58: 30 | AA58: 36 | AB58: 38 | AC58: 41 | AD58: 88 | AE58: 345
X59: Thursday | Y59: 121 | Z59: 38 | AA59: 28 | AB59: 37 | AC59: 33 | AD59: 90 | AE59: 347
X60: Tuesday | Y60: 128 | Z60: 43 | AA60: 40 | AB60: 37 | AC60: 38 | AD60: 80 | AE60: 366
X61: Wednesday | Y61: 120 | Z61: 30 | AA61: 32 | AB61: 32 | AC61: 38 | AD61: 93 | AE61: 345
X62: Grand Total | Y62: 810 | Z62: 255 | AA62: 260 | AB62: 267 | AC62: 274 | AD62: 617 | AE62: 2483
X65: Row Labels | Y65: Average of Order Value | Z65: Sum of Order Value
X66: App | Y66: 5132.3215 | Z66: 3192304
X67: Other | Y67: 4952.3063 | Z67: 2926813
X68: Website | Y68: 4802.1052 | Z68: 3058941
X69: Whatsapp | Y69: 4760.8231 | Z69: 3013601
X70: Grand Total | Y70: 4910.052 | Z70: 12191659
X80: Average of Order Value | Y80: Column Labels
X81: Row Labels | Y81: Middle | Z81: Senior | AA81: Young | AB81: Grand Total
X82: App | Y82: 5185.0348 | Z82: 4964.2431 | AA82: 5326.6867 | AB82: 5132.3215 | AC82: =(AA82-AB82)/AB82 -> 0.037870816
X83: Other | Y83: 5052.9048 | Z83: 5000.2808 | AA83: 4730.5704 | AB83: 4952.3063 | AC83: =(AA83-AB83)/AB83 -> -0.044774258
X84: Website | Y84: 4946.1379 | Z84: 4518.397 | AA84: 5080.6168 | AB84: 4802.1052 | AC84: =(AA84-AB84)/AB84 -> 0.05799781
X85: Whatsapp | Y85: 4583.9677 | Z85: 4895.6496 | AA85: 4770.9296 | AB85: 4760.8231 | AC85: =(AA85-AB85)/AB85 -> 0.0021228499
X86: Grand Total | Y86: 4933.3062 | Z86: 4842.59 | AA86: 4994.9854 | AB86: 4910.052
X88: Young people are tech savy

Sheet Analysis 1.3
A1: Row Labels | B1: Average of Age | E1: Row Labels | F1: Average of Age | I1: Row Labels | J1: Count of Order ID | K1: Max of Order Datetime | L1: Recency | M1: Customer Type | N1: Customer Recency Type | AA1: Row Labels | AB1: Count of Order ID | AC1: Max of Order Datetime | AD1: Recency | AE1: Customer Type | AF1: Customer Recency Type | AH1: Row Labels | AI1: Count of Row Labels | AJ1: Average of Recency | AQ1: Row Labels | AR1: Average of Recency | AT1: Distinct Count of Recency | AU1: Column Labels
A2: Australia | B2: 52.833333 | E2: Australia | F2: 52.833333 | H2: =MAX('Orders D'!D2:D2501) -> 45291.982 | I2: 1 | J2: 1 | K2: 44985.024 | L2: =$H$2-K2 -> 306.95833 | M2: =IF(J2>1, "Repeat", "One time") -> One time | N2: =IF(L2<80,"Recent",IF(L2<180,"Passive","Lost")) -> Lost | AA2: 1 | AB2: 1 | AC2: 44985.024 | AD2: 306.95833 | AE2: One time | AF2: Lost | AH2: One time | AI2: 0.51823813 | AJ2: 184.70041 | AQ2: Australia | AR2: 148.09904 | AT2: Row Labels | AU2: One time | AV2: Repeat | AW2: Grand Total
A3: Austria | B3: 47.44186 | E3: Austria | F3: 47.44186 | I3: 3 | J3: 1 | K3: 45028.042 | L3: =$H$2-K3 -> 263.93958 | M3: =IF(J3>1, "Repeat", "One time") -> One time | N3: =IF(L3<80,"Recent",IF(L3<180,"Passive","Lost")) -> Lost | AA3: 3 | AB3: 1 | AC3: 44986.024 | AD3: 263.93958 | AE3: One time | AF3: Lost | AH3: Repeat | AI3: 0.48176187 | AJ3: 109.85295 | AQ3: Austria | AR3: 128.21505 | AT3: Australia | AU3: 67 | AV3: 56 | AW3: 123
A4: Denmark | B4: 53.469697 | E4: Denmark | F4: 53.469697 | I4: 5 | J4: 1 | K4: 45086.96 | L4: =$H$2-K4 -> 205.02222 | M4: =IF(J4>1, "Repeat", "One time") -> One time | N4: =IF(L4<80,"Recent",IF(L4<180,"Passive","Lost")) -> Lost | AA4: 5 | AB4: 1 | AC4: 44987.024 | AD4: 205.02222 | AE4: One time | AF4: Lost | AH4: Grand Total | AI4: 1 | AJ4: 148.64176 | AQ4: Denmark | AR4: 121.45478 | AT4: Austria | AU4: 17 | AV4: 11 | AW4: 28
A5: Finland | B5: 59.060606 | E5: Finland | F5: 59.060606 | I5: 7 | J5: 1 | K5: 44945.94 | L5: =$H$2-K5 -> 346.04236 | M5: =IF(J5>1, "Repeat", "One time") -> One time | N5: =IF(L5<80,"Recent",IF(L5<180,"Passive","Lost")) -> Lost | AA5: 7 | AB5: 1 | AC5: 44988.024 | AD5: 346.04236 | AE5: One time | AF5: Lost | AQ5: Finland | AR5: 131.74965 | AT5: Denmark | AU5: 16 | AV5: 21 | AW5: 37
A6: France | B6: 54.003086 | E6: France | F6: 54.003086 | I6: 9 | J6: 2 | K6: 45200.044 | L6: =$H$2-K6 -> 91.938194 | M6: =IF(J6>1, "Repeat", "One time") -> Repeat | N6: =IF(L6<80,"Recent",IF(L6<180,"Passive","Lost")) -> Passive | AA6: 9 | AB6: 2 | AC6: 44989.024 | AD6: 91.938194 | AE6: Repeat | AF6: Passive | AQ6: France | AR6: 134.79946 | AT6: Finland | AU6: 20 | AV6: 21 | AW6: 41
A7: Germany | B7: 49.655172 | E7: Germany | F7: 49.655172 | I7: 10 | J7: 1 | K7: 45208.044 | L7: =$H$2-K7 -> 83.938194 | M7: =IF(J7>1, "Repeat", "One time") -> One time | N7: =IF(L7<80,"Recent",IF(L7<180,"Passive","Lost")) -> Passive | AA7: 10 | AB7: 1 | AC7: 44990.024 | AD7: 83.938194 | AE7: One time | AF7: Passive | AQ7: Germany | AR7: 162.88992 | AT7: France | AU7: 102 | AV7: 91 | AW7: 193
A8: India | B8: 55.656028 | E8: India | F8: 55.656028 | I8: 11 | J8: 1 | K8: 45147.04 | L8: =$H$2-K8 -> 144.94167 | M8: =IF(J8>1, "Repeat", "One time") -> One time | N8: =IF(L8<80,"Recent",IF(L8<180,"Passive","Lost")) -> Passive | AA8: 11 | AB8: 1 | AC8: 44991.024 | AD8: 144.94167 | AE8: One time | AF8: Passive | AH8: Row Labels | AI8: Count of Row Labels | AJ8: Average of Recency | AQ8: India | AR8: 125.81349 | AT8: Germany | AU8: 29 | AV8: 12 | AW8: 41
A9: Ireland | B9: 53.85 | E9: Ireland | F9: 53.85 | I9: 12 | J9: 2 | K9: 45207.04 | L9: =$H$2-K9 -> 84.942361 | M9: =IF(J9>1, "Repeat", "One time") -> Repeat | N9: =IF(L9<80,"Recent",IF(L9<180,"Passive","Lost")) -> Passive | AA9: 12 | AB9: 2 | AC9: 44992.024 | AD9: 84.942361 | AE9: Repeat | AF9: Passive | AH9: Lost | AI9: 0.37370957 | AJ9: 262.48591 | AQ9: Ireland | AR9: 100.52472 | AT9: India | AU9: 87 | AV9: 78 | AW9: 164
A10: Italy | B10: 49.778761 | E10: Italy | F10: 49.778761 | I10: 13 | J10: 1 | K10: 44983.071 | L10: =$H$2-K10 -> 308.91111 | M10: =IF(J10>1, "Repeat", "One time") -> One time | N10: =IF(L10<80,"Recent",IF(L10<180,"Passive","Lost")) -> Lost | AA10: 13 | AB10: 1 | AC10: 44993.024 | AD10: 308.91111 | AE10: One time | AF10: Lost | AH10: Passive | AI10: 0.28905712 | AJ10: 128.96541 | AQ10: Italy | AR10: 123.98585 | AT10: Ireland | AU10: 10 | AV10: 3 | AW10: 13
A11: Norway | B11: 54.725 | E11: Norway | F11: 54.725 | I11: 15 | J11: 1 | K11: 45159.008 | L11: =$H$2-K11 -> 132.97361 | M11: =IF(J11>1, "Repeat", "One time") -> One time | N11: =IF(L11<80,"Recent",IF(L11<180,"Passive","Lost")) -> Passive | AA11: 15 | AB11: 1 | AC11: 44994.024 | AD11: 132.97361 | AE11: One time | AF11: Passive | AH11: Recent | AI11: 0.33723331 | AJ11: 39.349289 | AQ11: Norway | AR11: 122.38708 | AT11: Italy | AU11: 29 | AV11: 34 | AW11: 63
A12: Singapore | B12: 53.742268 | E12: Singapore | F12: 53.742268 | I12: 16 | J12: 2 | K12: 45131.028 | L12: =$H$2-K12 -> 160.95417 | M12: =IF(J12>1, "Repeat", "One time") -> Repeat | N12: =IF(L12<80,"Recent",IF(L12<180,"Passive","Lost")) -> Passive | AA12: 16 | AB12: 2 | AC12: 44995.024 | AD12: 160.95417 | AE12: Repeat | AF12: Passive | AH12: Grand Total | AI12: 1 | AJ12: 148.64176 | AQ12: Singapore | AR12: 127.14963 | AT12: Norway | AU12: 12 | AV12: 11 | AW12: 23
A13: Spain | B13: 48.434944 | E13: Spain | F13: 48.434944 | I13: 18 | J13: 1 | K13: 45060.031 | L13: =$H$2-K13 -> 231.95139 | M13: =IF(J13>1, "Repeat", "One time") -> One time | N13: =IF(L13<80,"Recent",IF(L13<180,"Passive","Lost")) -> Lost | AA13: 18 | AB13: 1 | AC13: 44996.024 | AD13: 231.95139 | AE13: One time | AF13: Lost | AQ13: Spain | AR13: 125.90873 | AT13: Singapore | AU13: 25 | AV13: 27 | AW13: 52
A14: Switzerland | B14: 49.222222 | E14: Switzerland | F14: 49.222222 | I14: 20 | J14: 2 | K14: 45225.966 | L14: =$H$2-K14 -> 66.015972 | M14: =IF(J14>1, "Repeat", "One time") -> Repeat | N14: =IF(L14<80,"Recent",IF(L14<180,"Passive","Lost")) -> Recent | AA14: 20 | AB14: 2 | AC14: 44997.024 | AD14: 66.015972 | AE14: Repeat | AF14: Recent | AH14: Power law | AQ14: Switzerland | AR14: 107.60312 | AT14: Spain | AU14: 75 | AV14: 79 | AW14: 154
A15: USA | B15: 54.707207 | E15: USA | F15: 54.707207 | I15: 22 | J15: 1 | K15: 45248.945 | L15: =$H$2-K15 -> 43.036806 | M15: =IF(J15>1, "Repeat", "One time") -> One time | N15: =IF(L15<80,"Recent",IF(L15<180,"Passive","Lost")) -> Recent | AA15: 22 | AB15: 1 | AC15: 44998.024 | AD15: 43.036806 | AE15: One time | AF15: Recent | AH15: 10% of customersof myntra brings 50% of Revenue | AQ15: USA | AR15: 124.06095 | AT15: Switzerland | AU15: 5 | AV15: 11 | AW15: 16
A16: Grand Total | B16: 53.394 | I16: 24 | J16: 1 | K16: 45049.058 | L16: =$H$2-K16 -> 242.92431 | M16: =IF(J16>1, "Repeat", "One time") -> One time | N16: =IF(L16<80,"Recent",IF(L16<180,"Passive","Lost")) -> Lost | AA16: 24 | AB16: 1 | AC16: 44999.024 | AD16: 242.92431 | AE16: One time | AF16: Lost | AQ16: Grand Total | AR16: 128.52383 | AT16: USA | AU16: 259 | AV16: 245 | AW16: 503
I17: 25 | J17: 1 | K17: 45265.07 | L17: =$H$2-K17 -> 26.911806 | M17: =IF(J17>1, "Repeat", "One time") -> One time | N17: =IF(L17<80,"Recent",IF(L17<180,"Passive","Lost")) -> Recent | AA17: 25 | AB17: 1 | AC17: 45000.024 | AD17: 26.911806 | AE17: One time | AF17: Recent | AT17: Grand Total | AU17: 750 | AV17: 691 | AW17: 1434
I18: 26 | J18: 4 | K18: 45115.998 | L18: =$H$2-K18 -> 175.98403 | M18: =IF(J18>1, "Repeat", "One time") -> Repeat | N18: =IF(L18<80,"Recent",IF(L18<180,"Passive","Lost")) -> Passive | AA18: 26 | AB18: 4 | AC18: 45001.024 | AD18: 175.98403 | AE18: Repeat | AF18: Passive
I19: 27 | J19: 5 | K19: 45284.033 | L19: =$H$2-K19 -> 7.9493056 | M19: =IF(J19>1, "Repeat", "One time") -> Repeat | N19: =IF(L19<80,"Recent",IF(L19<180,"Passive","Lost")) -> Recent | AA19: 27 | AB19: 5 | AC19: 45002.024 | AD19: 7.9493056 | AE19: Repeat | AF19: Recent | BA19: Row Labels | BB19: Sum of Order Value | BC19: Average of Recency | BD19: Distinct Count of Customer ID | BE19: Average of Order Value
I20: 29 | J20: 2 | K20: 45176.986 | L20: =$H$2-K20 -> 114.99583 | M20: =IF(J20>1, "Repeat", "One time") -> Repeat | N20: =IF(L20<80,"Recent",IF(L20<180,"Passive","Lost")) -> Passive | AA20: 29 | AB20: 2 | AC20: 45003.024 | AD20: 114.99583 | AE20: Repeat | AF20: Passive | AT20: Distinct Count of Recency | AU20: Column Labels | BA20: Adrian Huxley | BB20: 182094 | BC20: 144.9651 | BD20: 38 | BE20: 4791.9474
I21: 30 | J21: 2 | K21: 45054.025 | L21: =$H$2-K21 -> 237.95694 | M21: =IF(J21>1, "Repeat", "One time") -> Repeat | N21: =IF(L21<80,"Recent",IF(L21<180,"Passive","Lost")) -> Lost | AA21: 30 | AB21: 2 | AC21: 45004.024 | AD21: 237.95694 | AE21: Repeat | AF21: Lost | AT21: Row Labels | AU21: One time | AV21: Repeat | AW21: Grand Total | BA21: Akiko Shimamura | BB21: 88953 | BC21: 133.55267 | BD21: 26 | BE21: 3421.2692
I22: 31 | J22: 3 | K22: 45231.015 | L22: =$H$2-K22 -> 60.967361 | M22: =IF(J22>1, "Repeat", "One time") -> Repeat | N22: =IF(L22<80,"Recent",IF(L22<180,"Passive","Lost")) -> Recent | AA22: 31 | AB22: 3 | AC22: 45005.024 | AD22: 60.967361 | AE22: Repeat | AF22: Recent | AT22: App | AU22: 188 | AV22: 339 | AW22: 526 | BA22: Allen Nelson | BB22: 116145 | BC22: 134.36054 | BD22: 22 | BE22: 5279.3182
I23: 33 | J23: 1 | K23: 45284.039 | L23: =$H$2-K23 -> 7.9430556 | M23: =IF(J23>1, "Repeat", "One time") -> One time | N23: =IF(L23<80,"Recent",IF(L23<180,"Passive","Lost")) -> Recent | AA23: 33 | AB23: 1 | AC23: 45006.024 | AD23: 7.9430556 | AE23: One time | AF23: Recent | AT23: Other | AU23: 180 | AV23: 331 | AW23: 511 | BA23: Ann Brown | BB23: 89991 | BC23: 115.38479 | BD23: 21 | BE23: 4285.2857
I24: 34 | J24: 1 | K24: 44968.988 | L24: =$H$2-K24 -> 322.99444 | M24: =IF(J24>1, "Repeat", "One time") -> One time | N24: =IF(L24<80,"Recent",IF(L24<180,"Passive","Lost")) -> Lost | AA24: 34 | AB24: 1 | AC24: 45007.024 | AD24: 322.99444 | AE24: One time | AF24: Lost | AT24: Website | AU24: 181 | AV24: 358 | AW24: 539 | BA24: Anna O'Hara | BB24: 242439 | BC24: 147.82864 | BD24: 46 | BE24: 5270.413
I25: 36 | J25: 1 | K25: 45238.037 | L25: =$H$2-K25 -> 53.945139 | M25: =IF(J25>1, "Repeat", "One time") -> One time | N25: =IF(L25<80,"Recent",IF(L25<180,"Passive","Lost")) -> Recent | AA25: 36 | AB25: 1 | AC25: 45008.024 | AD25: 53.945139 | AE25: One time | AF25: Recent | AT25: Whatsapp | AU25: 193 | AV25: 345 | AW25: 537 | BA25: Annette Roulet | BB25: 84119 | BC25: 122.79242 | BD25: 11 | BE25: 7647.1818
I26: 39 | J26: 1 | K26: 45241.069 | L26: =$H$2-K26 -> 50.913194 | M26: =IF(J26>1, "Repeat", "One time") -> One time | N26: =IF(L26<80,"Recent",IF(L26<180,"Passive","Lost")) -> Recent | AA26: 39 | AB26: 1 | AC26: 45009.024 | AD26: 50.913194 | AE26: One time | AF26: Recent | AT26: Grand Total | AU26: 740 | AV26: 691 | AW26: 1424 | BA26: Arnold Cruz | BB26: 132192 | BC26: 105.05234 | BD26: 24 | BE26: 5508
I27: 40 | J27: 2 | K27: 45248.967 | L27: =$H$2-K27 -> 43.014583 | M27: =IF(J27>1, "Repeat", "One time") -> Repeat | N27: =IF(L27<80,"Recent",IF(L27<180,"Passive","Lost")) -> Recent | AA27: 40 | AB27: 2 | AC27: 45010.024 | AD27: 43.014583 | AE27: Repeat | AF27: Recent | BA27: Carine Schmitt | BB27: 38017 | BC27: 86.974206 | BD27: 7 | BE27: 5431
I28: 41 | J28: 1 | K28: 44982.958 | L28: =$H$2-K28 -> 309.02361 | M28: =IF(J28>1, "Repeat", "One time") -> One time | N28: =IF(L28<80,"Recent",IF(L28<180,"Passive","Lost")) -> Lost | AA28: 41 | AB28: 1 | AC28: 45011.024 | AD28: 309.02361 | AE28: One time | AF28: Lost | BA28: Catherine Dewey | BB28: 98950 | BC28: 122.55786 | BD28: 19 | BE28: 5207.8947
I29: 42 | J29: 2 | K29: 45135.019 | L29: =$H$2-K29 -> 156.9625 | M29: =IF(J29>1, "Repeat", "One time") -> Repeat | N29: =IF(L29<80,"Recent",IF(L29<180,"Passive","Lost")) -> Passive | AA29: 42 | AB29: 2 | AC29: 45012.024 | AD29: 156.9625 | AE29: Repeat | AF29: Passive | AT29: Distinct Count of Recency | AV29: Order Source | BA29: Christina Berglund | BB29: 110015 | BC29: 128.27383 | BD29: 19 | BE29: 5790.2632
I30: 43 | J30: 3 | K30: 45188.972 | L30: =$H$2-K30 -> 103.01042 | M30: =IF(J30>1, "Repeat", "One time") -> Repeat | N30: =IF(L30<80,"Recent",IF(L30<180,"Passive","Lost")) -> Passive | AA30: 43 | AB30: 3 | AC30: 45013.024 | AD30: 103.01042 | AE30: Repeat | AF30: Passive | AT30: Customer Recency Type | AU30: Customer type | AV30: App | AW30: Other | AX30: Website | AY30: Whatsapp | BA30: Dan Lewis | BB30: 42553 | BC30: 116.54525 | BD30: 12 | BE30: 3546.0833
I31: 45 | J31: 1 | K31: 45056.96 | L31: =$H$2-K31 -> 235.02222 | M31: =IF(J31>1, "Repeat", "One time") -> One time | N31: =IF(L31<80,"Recent",IF(L31<180,"Passive","Lost")) -> Lost | AA31: 45 | AB31: 1 | AC31: 45014.024 | AD31: 235.02222 | AE31: One time | AF31: Lost | AT31: Lost | AU31: One time | AV31: 88 | AW31: 89 | AX31: 108 | AY31: 100 | BA31: Daniel Da Cunha | BB31: 108833 | BC31: 98.614306 | BD31: 20 | BE31: 5441.65
I32: 46 | J32: 1 | K32: 45176.028 | L32: =$H$2-K32 -> 115.95347 | M32: =IF(J32>1, "Repeat", "One time") -> One time | N32: =IF(L32<80,"Recent",IF(L32<180,"Passive","Lost")) -> Passive | AA32: 46 | AB32: 1 | AC32: 45015.024 | AD32: 115.95347 | AE32: One time | AF32: Passive | AT32: Lost | AU32: Repeat | AV32: 70 | AW32: 68 | AX32: 74 | AY32: 66 | BA32: Daniel Tonini | BB32: 86855 | BC32: 129.71364 | BD32: 17 | BE32: 5109.1176
I33: 47 | J33: 2 | K33: 45061.093 | L33: =$H$2-K33 -> 230.88889 | M33: =IF(J33>1, "Repeat", "One time") -> Repeat | N33: =IF(L33<80,"Recent",IF(L33<180,"Passive","Lost")) -> Lost | AA33: 47 | AB33: 2 | AC33: 45016.024 | AD33: 230.88889 | AE33: Repeat | AF33: Lost | AT33: Passive | AU33: One time | AV33: 50 | AW33: 59 | AX33: 39 | AY33: 42 | BA33: Dean Cassidy | BB33: 57084 | BC33: 139.29616 | BD33: 14 | BE33: 3805.6
I34: 48 | J34: 4 | K34: 45131.065 | L34: =$H$2-K34 -> 160.91736 | M34: =IF(J34>1, "Repeat", "One time") -> Repeat | N34: =IF(L34<80,"Recent",IF(L34<180,"Passive","Lost")) -> Passive | AA34: 48 | AB34: 4 | AC34: 45017.024 | AD34: 160.91736 | AE34: Repeat | AF34: Passive | AT34: Passive | AU34: Repeat | AV34: 108 | AW34: 102 | AX34: 116 | AY34: 113 | BA34: Diego Freyre | BB34: 1089868 | BC34: 117.72441 | BD34: 220 | BE34: 4697.7069
I35: 49 | J35: 1 | K35: 45187.012 | L35: =$H$2-K35 -> 104.97014 | M35: =IF(J35>1, "Repeat", "One time") -> One time | N35: =IF(L35<80,"Recent",IF(L35<180,"Passive","Lost")) -> Passive | AA35: 49 | AB35: 1 | AC35: 45018.024 | AD35: 104.97014 | AE35: One time | AF35: Passive | AT35: Recent | AU35: One time | AV35: 50 | AW35: 32 | AX35: 34 | AY35: 51 | BA35: Dominique Perrier | BB35: 143869 | BC35: 119.58547 | BD35: 26 | BE35: 5328.4815
I36: 50 | J36: 1 | K36: 45272.925 | L36: =$H$2-K36 -> 19.056944 | M36: =IF(J36>1, "Repeat", "One time") -> One time | N36: =IF(L36<80,"Recent",IF(L36<180,"Passive","Lost")) -> Recent | AA36: 50 | AB36: 1 | AC36: 45019.024 | AD36: 19.056944 | AE36: One time | AF36: Recent | AT36: Recent | AU36: Repeat | AV36: 161 | AW36: 161 | AX36: 168 | AY36: 166 | BA36: Eduardo Saavedra | BB36: 45184 | BC36: 93.979006 | BD36: 13 | BE36: 3475.6923
I37: 51 | J37: 2 | K37: 45128.941 | L37: =$H$2-K37 -> 163.04097 | M37: =IF(J37>1, "Repeat", "One time") -> Repeat | N37: =IF(L37<80,"Recent",IF(L37<180,"Passive","Lost")) -> Passive | AA37: 51 | AB37: 2 | AC37: 45020.024 | AD37: 163.04097 | AE37: Repeat | AF37: Passive | BA37: Elizabeth Devon | BB37: 107329 | BC37: 134.92507 | BD37: 29 | BE37: 3701
I38: 52 | J38: 1 | K38: 45240.019 | L38: =$H$2-K38 -> 51.9625 | M38: =IF(J38>1, "Repeat", "One time") -> One time | N38: =IF(L38<80,"Recent",IF(L38<180,"Passive","Lost")) -> Recent | AA38: 52 | AB38: 1 | AC38: 45021.024 | AD38: 51.9625 | AE38: One time | AF38: Recent | BA38: Elizabeth Lincoln | BB38: 71209 | BC38: 110.71849 | BD38: 16 | BE38: 4450.5625
I39: 53 | J39: 3 | K39: 45290.99 | L39: =$H$2-K39 -> 0.99166667 | M39: =IF(J39>1, "Repeat", "One time") -> Repeat | N39: =IF(L39<80,"Recent",IF(L39<180,"Passive","Lost")) -> Recent | AA39: 53 | AB39: 3 | AC39: 45022.024 | AD39: 0.99166667 | AE39: Repeat | AF39: Recent | BA39: Eric Natividad | BB39: 201398 | BC39: 123.83034 | BD39: 38 | BE39: 5164.0513
I40: 55 | J40: 1 | K40: 44970.99 | L40: =$H$2-K40 -> 320.99236 | M40: =IF(J40>1, "Repeat", "One time") -> One time | N40: =IF(L40<80,"Recent",IF(L40<180,"Passive","Lost")) -> Lost | AA40: 55 | AB40: 1 | AC40: 45023.024 | AD40: 320.99236 | AE40: One time | AF40: Lost | BA40: Francisca Cervantes | BB40: 88589 | BC40: 125.17894 | BD40: 18 | BE40: 4921.6111
I41: 57 | J41: 1 | K41: 45087.996 | L41: =$H$2-K41 -> 203.98611 | M41: =IF(J41>1, "Repeat", "One time") -> One time | N41: =IF(L41<80,"Recent",IF(L41<180,"Passive","Lost")) -> Lost | AA41: 57 | AB41: 1 | AC41: 45024.024 | AD41: 203.98611 | AE41: One time | AF41: Lost | BA41: Frederique Citeaux | BB41: 94689 | BC41: 79.079642 | BD41: 19 | BE41: 4983.6316
I42: 58 | J42: 1 | K42: 45090.099 | L42: =$H$2-K42 -> 201.88333 | M42: =IF(J42>1, "Repeat", "One time") -> One time | N42: =IF(L42<80,"Recent",IF(L42<180,"Passive","Lost")) -> Lost | AA42: 58 | AB42: 1 | AC42: 45025.024 | AD42: 201.88333 | AE42: One time | AF42: Lost | BA42: Georg Pipps | BB42: 188709 | BC42: 138.71333 | BD42: 35 | BE42: 5391.6857
I43: 59 | J43: 1 | K43: 44996.937 | L43: =$H$2-K43 -> 295.04514 | M43: =IF(J43>1, "Repeat", "One time") -> One time | N43: =IF(L43<80,"Recent",IF(L43<180,"Passive","Lost")) -> Lost | AA43: 59 | AB43: 1 | AC43: 45026.024 | AD43: 295.04514 | AE43: One time | AF43: Lost | BA43: Giovanni Rovelli | BB43: 175816 | BC43: 127.81125 | BD43: 35 | BE43: 4883.7778
I44: 60 | J44: 1 | K44: 45129.044 | L44: =$H$2-K44 -> 162.9375 | M44: =IF(J44>1, "Repeat", "One time") -> One time | N44: =IF(L44<80,"Recent",IF(L44<180,"Passive","Lost")) -> Passive | AA44: 60 | AB44: 1 | AC44: 45027.024 | AD44: 162.9375 | AE44: One time | AF44: Passive | BA44: Helen Bennett | BB44: 87269 | BC44: 123.08681 | BD44: 16 | BE44: 5454.3125
I45: 61 | J45: 4 | K45: 45284.972 | L45: =$H$2-K45 -> 7.0104167 | M45: =IF(J45>1, "Repeat", "One time") -> Repeat | N45: =IF(L45<80,"Recent",IF(L45<180,"Passive","Lost")) -> Recent | AA45: 61 | AB45: 4 | AC45: 45028.024 | AD45: 7.0104167 | AE45: Repeat | AF45: Recent | BA45: Henriette Pfalzheim | BB45: 145237 | BC45: 100.2356 | BD45: 26 | BE45: 5586.0385
I46: 62 | J46: 4 | K46: 45081.083 | L46: =$H$2-K46 -> 210.89931 | M46: =IF(J46>1, "Repeat", "One time") -> Repeat | N46: =IF(L46<80,"Recent",IF(L46<180,"Passive","Lost")) -> Lost | AA46: 62 | AB46: 4 | AC46: 45029.024 | AD46: 210.89931 | AE46: Repeat | AF46: Lost | BA46: Jan Klaeboe | BB46: 107830 | BC46: 116.38667 | BD46: 21 | BE46: 5134.7619
I47: 63 | J47: 2 | K47: 45229.939 | L47: =$H$2-K47 -> 62.043056 | M47: =IF(J47>1, "Repeat", "One time") -> Repeat | N47: =IF(L47<80,"Recent",IF(L47<180,"Passive","Lost")) -> Recent | AA47: 63 | AB47: 2 | AC47: 45030.024 | AD47: 62.043056 | AE47: Repeat | AF47: Recent | BA47: Janine Labrune | BB47: 203887 | BC47: 120.41776 | BD47: 42 | BE47: 4854.4524
I48: 65 | J48: 1 | K48: 44961.044 | L48: =$H$2-K48 -> 330.9375 | M48: =IF(J48>1, "Repeat", "One time") -> One time | N48: =IF(L48<80,"Recent",IF(L48<180,"Passive","Lost")) -> Lost | AA48: 65 | AB48: 1 | AC48: 45031.024 | AD48: 330.9375 | AE48: One time | AF48: Lost | BA48: Jean Fresnisre | BB48: 85772 | BC48: 118.31589 | BD48: 17 | BE48: 5045.4118
... I112: 156 | J112: 1 | K112: 44944.985 | L112: =$H$2-K112 -> 346.99722 | M112: =IF(J112>1, "Repeat", "One time") -> One time | N112: =IF(L112<80,"Recent",IF(L112<180,"Passive","Lost")) -> Lost | AA112: 156 | AB112: 1 | AC112: 45095.024 | AD112: 346.99722 | AE112: One time | AF112: Lost | BA112: Grand Total | BB112: 12275890 | BC112: 128.52383 | BD112: 1453 | BE112: 4910.356
I113: 158 | J113: 3 | K113: 45050.013 | L113: =$H$2-K113 -> 241.96875 | M113: =IF(J113>1, "Repeat", "One time") -> Repeat | N113: =IF(L113<80,"Recent",IF(L113<180,"Passive","Lost")) -> Lost | AA113: 158 | AB113: 3 | AC113: 45096.024 | AD113: 241.96875 | AE113: Repeat | AF113: Lost
I114: 159 | J114: 3 | K114: 45276.01 | L114: =$H$2-K114 -> 15.971528 | M114: =IF(J114>1, "Repeat", "One time") -> Repeat | N114: =IF(L114<80,"Recent",IF(L114<180,"Passive","Lost")) -> Recent | AA114: 159 | AB114: 3 | AC114: 45097.024 | AD114: 15.971528 | AE114: Repeat | AF114: Recent
I115: 161 | J115: 1 | K115: 44992.942 | L115: =$H$2-K115 -> 299.04028 | M115: =IF(J115>1, "Repeat", "One time") -> One time | N115: =IF(L115<80,"Recent",IF(L115<180,"Passive","Lost")) -> Lost | AA115: 161 | AB115: 1 | AC115: 45098.024 | AD115: 299.04028 | AE115: One time | AF115: Lost
I116: 162 | J116: 1 | K116: 45033.974 | L116: =$H$2-K116 -> 258.00833 | M116: =IF(J116>1, "Repeat", "One time") -> One time | N116: =IF(L116<80,"Recent",IF(L116<180,"Passive","Lost")) -> Lost | AA116: 162 | AB116: 1 | AC116: 45099.024 | AD116: 258.00833 | AE116: One time | AF116: Lost
I117: 163 | J117: 1 | K117: 45070.011 | L117: =$H$2-K117 -> 221.97083 | M117: =IF(J117>1, "Repeat", "One time") -> One time | N117: =IF(L117<80,"Recent",IF(L117<180,"Passive","Lost")) -> Lost | AA117: 163 | AB117: 1 | AC117: 45100.024 | AD117: 221.97083 | AE117: One time | AF117: Lost
I118: 164 | J118: 4 | K118: 45251.976 | L118: =$H$2-K118 -> 40.00625 | M118: =IF(J118>1, "Repeat", "One time") -> Repeat | N118: =IF(L118<80,"Recent",IF(L118<180,"Passive","Lost")) -> Recent | AA118: 164 | AB118: 4 | AC118: 45101.024 | AD118: 40.00625 | AE118: Repeat | AF118: Recent
I119: 166 | J119: 2 | K119: 45284.078 | L119: =$H$2-K119 -> 7.9034722 | M119: =IF(J119>1, "Repeat", "One time") -> Repeat | N119: =IF(L119<80,"Recent",IF(L119<180,"Passive","Lost")) -> Recent | AA119: 166 | AB119: 2 | AC119: 45102.024 | AD119: 7.9034722 | AE119: Repeat | AF119: Recent
I120: 167 | J120: 1 | K120: 45059.965 | L120: =$H$2-K120 -> 232.01736 | M120: =IF(J120>1, "Repeat", "One time") -> One time | N120: =IF(L120<80,"Recent",IF(L120<180,"Passive","Lost")) -> Lost | AA120: 167 | AB120: 1 | AC120: 45103.024 | AD120: 232.01736 | AE120: One time | AF120: Lost
I121: 169 | J121: 1 | K121: 45148.96 | L121: =$H$2-K121 -> 143.02153 | M121: =IF(J121>1, "Repeat", "One time") -> One time | N121: =IF(L121<80,"Recent",IF(L121<180,"Passive","Lost")) -> Passive | AA121: 169 | AB121: 1 | AC121: 45104.024 | AD121: 143.02153 | AE121: One time | AF121: Passive
I122: 170 | J122: 1 | K122: 45195.09 | L122: =$H$2-K122 -> 96.892361 | M122: =IF(J122>1, "Repeat", "One time") -> One time | N122: =IF(L122<80,"Recent",IF(L122<180,"Passive","Lost")) -> Passive | AA122: 170 | AB122: 1 | AC122: 45105.024 | AD122: 96.892361 | AE122: One time | AF122: Passive
I123: 171 | J123: 1 | K123: 45062.016 | L123: =$H$2-K123 -> 229.96597 | M123: =IF(J123>1, "Repeat", "One time") -> One time | N123: =IF(L123<80,"Recent",IF(L123<180,"Passive","Lost")) -> Lost | AA123: 171 | AB123: 1 | AC123: 45106.024 | AD123: 229.96597 | AE123: One time | AF123: Lost
I124: 172 | J124: 2 | K124: 45193.05 | L124: =$H$2-K124 -> 98.931944 | M124: =IF(J124>1, "Repeat", "One time") -> Repeat | N124: =IF(L124<80,"Recent",IF(L124<180,"Passive","Lost")) -> Passive | AA124: 172 | AB124: 2 | AC124: 45107.024 | AD124: 98.931944 | AE124: Repeat | AF124: Passive
... I1454: 1998 | J1454: 2 | K1454: 45081.994 | L1454: =$H$2-K1454 -> 209.98819 | M1454: =IF(J1454>1, "Repeat", "One time") -> Repeat | N1454: =IF(L1454<80,"Recent",IF(L1454<180,"Passive","Lost")) -> Lost | AA1454: 1998 | AB1454: 2 | AC1454: 46437.024 | AD1454: 209.98819 | AE1454: Repeat | AF1454: Lost
I1455: Grand Total | J1455: 2500 | K1455: 45291.982

Sheet Sales Target Achieved
A1: Row Labels | B1: Sum of Order Value | C1: Average of Recency | D1: Distinct Count of Customer ID | E1: Average of Order Value | F1: Sales Poc Scores | G1: Sales Target | H1: Category sales | I1: % of sales Target Achieved
A2: Jytte Petersen | B2: 145221 | C2: 113.08101 | D2: 26 | E2: 5585.4231 | F2: =E2/C2 -> 49.393113 | G2: =VLOOKUP(A2,'Sales Targets (2)'!$A$1:$E$93,5,FALSE) -> 100000 | H2: =IF(B2>G2, "Target Met", "Not Met") -> Target Met | I2: =B2/G2 -> 1.45221
A3: Dan Lewis | B3: 42553 | C3: 116.54525 | D3: 12 | E3: 3546.0833 | F3: =E3/C3 -> 30.426664 | G3: =VLOOKUP(A3,'Sales Targets (2)'!$A$1:$E$93,5,FALSE) -> 30000 | H3: =IF(B3>G3, "Target Met", "Not Met") -> Target Met | I3: =B3/G3 -> 1.4184333
A4: Kalle Suominen | B4: 135017 | C4: 124.73537 | D4: 30 | E4: 4500.5667 | F4: =E4/C4 -> 36.080918 | G4: =VLOOKUP(A4,'Sales Targets (2)'!$A$1:$E$93,5,FALSE) -> 100000 | H4: =IF(B4>G4, "Target Met", "Not Met") -> Target Met | I4: =B4/G4 -> 1.35017
A5: Arnold Cruz | B5: 132192 | C5: 105.05234 | D5: 24 | E5: 5508 | F5: =E5/C5 -> 52.431005 | G5: =VLOOKUP(A5,'Sales Targets (2)'!$A$1:$E$93,5,FALSE) -> 100000 | H5: =IF(B5>G5, "Target Met", "Not Met") -> Target Met | I5: =B5/G5 -> 1.32192
A6: Julie King | B6: 130563 | C6: 123.88909 | D6: 23 | E6: 5440.125 | F6: =E6/C6 -> 43.911251 | G6: =VLOOKUP(A6,'Sales Targets (2)'!$A$1:$E$93,5,FALSE) -> 100000 | H6: =IF(B6>G6, "Target Met", "Not Met") -> Target Met | I6: =B6/G6 -> 1.30563
A7: Kyung Yu | B7: 130274 | C7: 121.07443 | D7: 29 | E7: 4492.2069 | F7: =E7/C7 -> 37.102855 | G7: =VLOOKUP(A7,'Sales Targets (2)'!$A$1:$E$93,5,FALSE) -> 100000 | H7: =IF(B7>G7, "Target Met", "Not Met") -> Target Met | I7: =B7/G7 -> 1.30274
A8: Carine Schmitt | B8: 38017 | C8: 86.974206 | D8: 7 | E8: 5431 | F8: =E8/C8 -> 62.443801 | G8: =VLOOKUP(A8,'Sales Targets (2)'!$A$1:$E$93,5,FALSE) -> 30000 | H8: =IF(B8>G8, "Target Met", "Not Met") -> Target Met | I8: =B8/G8 -> 1.2672333
A9: Georg Pipps | B9: 188709 | C9: 138.71333 | D9: 35 | E9: 5391.6857 | F9: =E9/C9 -> 38.869268 | G9: =VLOOKUP(A9,'Sales Targets (2)'!$A$1:$E$93,5,FALSE) -> 150000 | H9: =IF(B9>G9, "Target Met", "Not Met") -> Target Met | I9: =B9/G9 -> 1.25806
A10: Anna O'Hara | B10: 242439 | C10: 147.82864 | D10: 46 | E10: 5270.413 | F10: =E10/C10 -> 35.652179 | G10: =VLOOKUP(A10,'Sales Targets (2)'!$A$1:$E$93,5,FALSE) -> 200000 | H10: =IF(B10>G10, "Target Met", "Not Met") -> Target Met | I10: =B10/G10 -> 1.212195
A11: Giovanni Rovelli | B11: 175816 | C11: 127.81125 | D11: 35 | E11: 4883.7778 | F11: =E11/C11 -> 38.210861 | G11: =VLOOKUP(A11,'Sales Targets (2)'!$A$1:$E$93,5,FALSE) -> 150000 | H11: =IF(B11>G11, "Target Met", "Not Met") -> Target Met | I11: =B11/G11 -> 1.1721067
A12: Allen Nelson | B12: 116145 | C12: 134.36054 | D12: 22 | E12: 5279.3182 | F12: =E12/C12 -> 39.292177 | G12: =VLOOKUP(A12,'Sales Targets (2)'!$A$1:$E$93,5,FALSE) -> 100000 | H12: =IF(B12>G12, "Target Met", "Not Met") -> Target Met | I12: =B12/G12 -> 1.16145
A13: Wing C Tam | B13: 115877 | C13: 135.3798 | D13: 24 | E13: 4828.2083 | F13: =E13/C13 -> 35.66417 | G13: =VLOOKUP(A13,'Sales Targets (2)'!$A$1:$E$93,5,FALSE) -> 100000 | H13: =IF(B13>G13, "Target Met", "Not Met") -> Target Met | I13: =B13/G13 -> 1.15877
... A93: Kee Kuo | B93: 63116 | C93: 147.36028 | D93: 10 | E93: 6311.6 | F93: =E93/C93 -> 42.831081 | G93: =VLOOKUP(A93,'Sales Targets (2)'!$A$1:$E$93,5,FALSE) -> 200000 | H93: =IF(B93>G93, "Target Met", "Not Met") -> Not Met | I93: =B93/G93 -> 0.31558

Sheet Summary - 1
A1: Problem Statement As an analyst, your goal is to help the company derive insights from the data.
A2: These insights will help the company take decisions w.r.t. Orders.
A3: Eventually it will help the company increase the number of orders, value of orders and hence revenue.
A4: Your manager asks you to perform a few operations and get answers to key questions.
A6: Total Orders | B6: Total Customers | C6: Orders Placed Customers | D6: Total Order Value | E6: Average Order Value | F6: Range of Data
A7: 2500 | B7: 2500 | C7: 1453 | D7: 12275890 | E7: 4910 | F7: 1-jan-23 to 31-dec-23
A9: Total Countries | B9: 15
A11: Country | B11: Total Customers | C11: % of customers | E11: Country | F11: Repeat Rate | I11: Country | J11: Sum of Order Value | K11: Average of Order Value2
A12: USA | B12: 907 | C12: 0.38573627 | E12: Australia | F12: 1.6097561 | I12: Australia | J12: 0.079360193 | K12: 4920.2879
A13: France | B13: 334 | C13: 0.13664742 | E13: Austria | F13: 1.5357143 | I13: Austria | J13: 0.018240307 | K13: 5207.3488
A14: Spain | B14: 282 | C14: 0.12947301 | E14: Denmark | F14: 1.7837838 | I14: Denmark | J14: 0.02502955 | K14: 4655.4545
A15: Australia | B15: 208 | C15: 0.083380088 | E15: Finland | F15: 1.6097561 | I15: Finland | J15: 0.026419184 | K15: 4913.9242
A16: Italy | B16: 120 | C16: 0.048871331 | E16: France | F16: 1.6787565 | I16: France | J16: 0.13362298 | K16: 5062.7809
A17: India | B17: 217 | C17: 0.043507397 | E17: Germany | F17: 1.4146341 | I17: Germany | J17: 0.024410124 | K17: 5166.4828
A18: Singapore | B18: 86 | C18: 0.035051259 | E18: India | F18: 1.7090909 | I18: India | J18: 0.11123006 | K18: 4842.0142
A19: Austria | B19: 60 | C19: 0.02737593 | E19: Ireland | F19: 1.5384615 | I19: Ireland | J19: 0.0074915953 | K19: 4598.3
A20: Denmark | B20: 68 | C20: 0.025710996 | E20: Italy | F20: 1.7936508 | I20: Italy | J20: 0.043969439 | K20: 4776.6726
A21: Finland | B21: 70 | C21: 0.025644462 | E21: Norway | F21: 1.7391304 | I21: Norway | J21: 0.01590345 | K21: 4880.725
A22: Germany | B22: 63 | C22: 0.025066453 | E22: Singapore | F22: 1.8653846 | I22: Singapore | J22: 0.039641362 | K22: 5016.8351
A23: Switzerland | B23: 31 | C23: 0.014779368 | E23: Spain | F23: 1.7467532 | I23: Spain | J23: 0.11296932 | K23: 5155.3866
... A25: Ireland | B25: 17 | C25: 0.0061914434 | E25: USA | F25: 1.7619048 | I25: USA | J25: 0.34819781 | K25: 4813.5563
E27: Switzerland has highest repeat rate followed by
E28: USA Has decent repeat rate 1.76 | I28: Austria has very high average order value
I29: Top countries by avg order value Austria , France , Germany , Singapore , spain
I31: Most customers are from Usa
I32: 34.82 % of customers are coming from USA
A34: Gender | B34: Sum of Order Value | C34: Average of Order Value | E34: Gender | F34: Repeat Rate
A35: F | B35: 6143084 | C35: 4814.3292 | E35: F | F35: 1.6878307
A36: M | B36: 6132806 | C36: 5010.4624 | E36: M | F36: 1.7560976
A39: Age-Group | B39: Sum of Order Value | C39: Average of Order Value | E39: Age-Group | F39: Repeat Rate
A40: Middle | B40: 4029980 | C40: 4938.701 | E40: Middle | F40: 1.762419
A41: Senior | B41: 5153769 | C41: 4848.3246 | E41: Senior | F41: 1.6926752
A42: Young | B42: 3092141 | C42: 4979.2931 | E42: Young | F42: 1.7154696
E43: Senior's are placing high orders but Repeat rate is low
A45: Category | B45: Sum of Order Value | C45: Average of Order Value | E45: Category | F45: Repeat Rate
A46: A | B46: 3098913 | C46: 4903.3434 | E46: A | F46: 1.7410468
A47: B | B47: 3081006 | C47: 5026.1109 | E47: B | F47: 1.6748634
A48: C | B48: 2992321 | C48: 4954.1738 | E48: C | F48: 1.7356322
A49: D | B49: 3103650 | C49: 4767.5115 | E49: D | F49: 1.731383
E51: For B Repeat rate is low but average is high

Sheet Summary - 2
A1: Row Labels | B1: Average of Order Value | C1: Count of Order Value
A2: 0 | B2: 4984.1632 | C2: 1005
A3: 1 | B3: 4969.4308 | C3: 629
A4: 2 | B4: 4571.431 | C4: 58 | N4: High value orders are placed between 10pm to 2am
A5: 14 | B5: 4443.5 | C5: 2 | N5: Most orders are placed between this time only
A6: 16 | B6: 6297.5 | C6: 2
A7: 22 | B7: 4933.6026 | C7: 156
A8: 23 | B8: 4760.4429 | C8: 648
A24: Average of Order Value | B24: Column Labels
A25: Row Labels | B25: App | C25: Other | D25: Website | E25: Whatsapp
A26: 0 | B26: 5226.096 | C26: 4942.063 | D26: 4911.0079 | E26: 4844.1583 | O26: From Whatsapp channel 1am is the Higesht order value received
A27: 1 | B27: 5005.216 | C27: 5083.1169 | D27: 4672.2937 | E27: 5156.3673 | O27: App 2pm is Highest order value received
A28: 2 | B28: 4042.1818 | C28: 6276.7 | D28: 3588.3125 | E28: 4989.55 | O28: Other 2am , Website 12am.
A29: 14 | B29: 8227 | C29: 660
A30: 16 | B30: 6297.5
A31: 22 | B31: 5223.4737 | C31: 5282.4324 | D31: 4782.1053 | E31: 4509.2439
A32: 23 | B32: 5133.9051 | C32: 4694.8675 | D32: 4880.7396 | E32: 4315.1084
A40: Count of Order Value | B40: Column Labels | R40: Most of the orders Placing in 10pm -2am among all channels
A41: Row Labels | B41: App | C41: Other | D41: Website | E41: Whatsapp | F41: Grand Total
A42: 0 | B42: 250 | C42: 238 | D42: 254 | E42: 259 | F42: 1001
A43: 1 | B43: 162 | C43: 154 | D43: 160 | E43: 147 | F43: 623
A44: 2 | B44: 11 | C44: 10 | D44: 16 | E44: 20 | F44: 57
A45: 14 | B45: 1 | C45: 1 | F45: 2
A46: 16 | B46: 2 | F46: 2
A47: 22 | B47: 38 | C47: 37 | D47: 38 | E47: 41 | F47: 154
A48: 23 | B48: 158 | C48: 151 | D48: 169 | E48: 166 | F48: 644
A49: Grand Total | B49: 622 | C49: 591 | D49: 637 | E49: 633 | F49: 2483
A57: Average of Order Value | B57: Column Labels
A58: Row Labels | B58: Middle | C58: Senior | D58: Young | E58: Grand Total | O58: Middle & Senior Age Group are placing orders at 4pm
A59: 0 | B59: 5166.4389 | C59: 4812.3541 | D59: 5064.3165 | E59: 4984.1632 | O59: Young At 2am
A60: 1 | B60: 5288.2402 | C60: 4700.8801 | D60: 5011.6203 | E60: 4969.4308
A61: 2 | B61: 4704.5833 | C61: 3782.4 | D61: 5470.3571 | E61: 4571.431
A62: 14 | B62: 4443.5 | E62: 4443.5
A63: 16 | B63: 6355 | C63: 6240 | E63: 6297.5
A64: 22 | B64: 4629.1915 | C64: 5653.9683 | D64: 4258.0435 | E64: 4933.6026
A65: 23 | B65: 4371.5114 | C65: 4942.2015 | D65: 4985.5843 | E65: 4760.4429
A66: Grand Total | B66: 4938.701 | C66: 4848.3246 | D66: 4979.2931 | E66: 4910.356
N74: Highest Orders Placed senior But Highest Avg Order is High for Young
A75: Count of Order Value | B75: Column Labels
A76: Row Labels | B76: Middle | C76: Senior | D76: Young | E76: Grand Total
A77: 0 | B77: 319 | C77: 449 | D77: 237 | E77: 1005
A78: 1 | B78: 204 | C78: 267 | D78: 158 | E78: 629
A79: 2 | B79: 24 | C79: 20 | D79: 14 | E79: 58
A80: 14 | B80: 2 | E80: 2
A81: 16 | B81: 1 | C81: 1 | E81: 2
A82: 22 | B82: 47 | C82: 63 | D82: 46 | E82: 156
A83: 23 | B83: 219 | C83: 263 | D83: 166 | E83: 648
A84: Grand Total | B84: 816 | C84: 1063 | D84: 621 | E84: 2500
A90: Row Labels | B90: Average of Order Value | C90: Count of Order Value
A91: Friday | B91: 4972.3765 | C91: 340
A92: Monday | B92: 4856.5337 | C92: 386
A93: Saturday | B93: 4669.6304 | C93: 368
A94: Sunday | B94: 5011.9135 | C94: 347
A95: Thursday | B95: 4998.3141 | C95: 347
A96: Tuesday | B96: 5073.2541 | C96: 366
A97: Wednesday | B97: 4803.1098 | C97: 346
A98: Grand Total | B98: 4910.356 | C98: 2500

Sheet Summary - 3
A1: Row Labels | B1: % of customers | C1: Average of Recency
A2: One time | B2: 0.51823813 | C2: 184.70041
A3: Repeat | B3: 0.48176187 | C3: 109.85295
A4: Grand Total | B4: 1 | C4: 148.64176
A23: Row Labels | B23: % of customers | C23: Average of Recency
A24: Lost | B24: 0.37370957 | C24: 262.48591
A25: Passive | B25: 0.28905712 | C25: 128.96541
A26: Recent | B26: 0.33723331 | C26: 39.349289
A27: Grand Total | B27: 1 | C27: 148.64176
A36: Sales Poc Names | B36: % of sales Target Achieved
A37: Jytte Petersen | B37: 1.45221
A38: Dan Lewis | B38: 1.4184333
A39: Kalle Suominen | B39: 1.35017
A40: Arnold Cruz | B40: 1.32192
A41: Julie King | B41: 1.30563
A42: Kyung Yu | B42: 1.30274
A43: Carine Schmitt | B43: 1.2672333
A44: Georg Pipps | B44: 1.25806
A45: Anna O'Hara | B45: 1.212195
A46: Giovanni Rovelli | B46: 1.1721067
A47: Allen Nelson | B47: 1.16145

Sheet Sales Targets
A1: Sales POC | B1: Sales Manager First Name | C1: Sales Manager Last Name | D1: Sales Team | E1: 2023 Sales Target
A2: Kalle Suominen | B2: Amelia | C2: Johnson | D2: Epsilon | E2: 100000
A3: Julie Brown | B3: Lukas | C3: Schmidt | D3: Alpha | E3: 200000
A4: Jeff Young | B4: Olivia | C4: Jensen | D4: Beta | E4: 200000
A5: Kyung Yu | B5: Sofia | C5: Laine | D5: Gamma | E5: 100000
A6: Adrian Huxley | B6: Chloe | C6: Dupont | D6: Beta | E6: 200000
A7: Kwai Yu | B7: Alexander | C7: Müller | D7: Alpha | E7: 200000
A8: Jytte Petersen | B8: Liam | C8: O'Sullivan | D8: Beta | E8: 100000
A9: Paul Henriot | B9: Sophia | C9: Rossi | D9: Beta | E9: 200000
A10: Sue King | B10: Emma | C10: Hansen | D10: Gamma | E10: 100000
A11: Victoria Ashworth | B11: Ethan | C11: Lee | D11: Beta | E11: 250000
A12: Anna O'Hara | B12: Isabella | C12: Garcia | D12: Alpha | E12: 200000
A13: Diego Freyre | B13: Noah | C13: Meier | D13: Alpha | E13: 1000000
... A93: Jesus Fernandez | B93: Ava | C93: Williams | D93: Epsilon | E93: 50000
